draw_id,draw_date,n1,n2,n3,n4,n5,n6,powerball
711,2001-02-17,37,12,13,14,6,11,3
712,2001-02-24,30,23,39,33,25,8,6
713,2001-03-03,33,16,36,37,19,8,5
714,2001-03-10,12,36,29,31,27,9,1
715,2001-03-17,4,34,7,3,13,12,1
716,2001-03-24,32,25,21,15,23,36,1
717,2001-03-31,2,28,4,8,27,16,3
718,2001-04-07,29,39,18,35,13,23,2
719,2001-04-14,6,12,40,35,39,38,1
720,2001-04-21,34,11,14,23,29,10,7
721,2001-04-28,2,3,19,20,13,8,4
722,2001-05-05,3,20,15,24,27,8,5
723,2001-05-12,12,18,33,3,35,21,2
724,2001-05-19,9,20,11,23,27,35,7
725,2001-05-26,1,28,18,27,34,6,8
726,2001-06-02,22,2,15,36,3,31,2
727,2001-06-09,40,11,7,27,26,21,4
728,2001-06-16,38,4,8,5,6,30,7
729,2001-06-23,9,23,27,12,21,19,3
730,2001-06-30,18,10,24,1,4,11,3
731,2001-07-07,40,9,7,26,32,27,3
732,2001-07-14,17,13,36,2,40,15,6
733,2001-07-21,5,16,3,34,12,27,6
734,2001-07-28,17,32,29,15,24,14,7
735,2001-08-04,26,23,11,28,6,1,8
736,2001-08-11,17,15,30,14,7,16,2
737,2001-08-18,26,19,9,39,2,3,3
738,2001-08-25,6,29,3,8,31,30,8
739,2001-09-01,7,39,11,37,27,30,4
740,2001-09-08,18,31,23,36,35,19,5
741,2001-09-15,10,11,37,1,39,30,1
742,2001-09-22,27,34,38,36,8,29,3
743,2001-09-29,24,7,4,17,30,31,7
744,2001-10-06,39,24,19,4,18,15,2
745,2001-10-13,1,14,24,9,23,35,4
746,2001-10-20,3,23,9,20,39,34,7
747,2001-10-27,26,30,39,16,3,34,7
748,2001-11-03,38,2,13,3,31,25,6
749,2001-11-10,2,8,30,26,7,32,2
750,2001-11-17,12,28,10,35,37,17,6
751,2001-11-24,5,3,20,9,27,6,2
752,2001-12-01,7,39,2,17,18,19,4
753,2001-12-08,38,37,13,40,28,36,2
754,2001-12-15,2,7,19,20,36,13,4
755,2001-12-22,8,23,32,5,29,9,4
756,2001-12-29,30,22,6,3,39,36,4
757,2002-01-05,35,13,31,20,23,2,7
758,2002-01-12,18,33,8,4,23,24,8
759,2002-01-19,19,10,36,2,31,21,3
760,2002-01-26,29,16,2,4,37,23,4
761,2002-02-02,37,11,15,35,13,14,3
762,2002-02-09,5,40,21,39,28,2,8
763,2002-02-16,27,37,29,26,25,20,1
764,2002-02-23,35,11,34,12,7,26,1
765,2002-03-02,40,16,18,20,29,3,6
766,2002-03-09,14,1,15,21,5,31,1
767,2002-03-16,25,15,14,3,40,28,3
768,2002-03-23,15,7,28,9,13,4,1
769,2002-03-30,20,12,23,10,40,5,1
770,2002-04-06,32,38,9,30,27,6,8
771,2002-04-13,22,13,17,40,19,36,6
772,2002-04-20,9,15,11,23,13,26,5
773,2002-04-27,1,39,27,16,15,20,5
774,2002-05-04,8,20,32,23,29,38,7
775,2002-05-11,14,7,30,10,29,24,2
776,2002-05-18,38,15,26,1,29,20,2
777,2002-05-25,27,10,39,13,8,18,8
778,2002-06-01,23,20,9,3,39,12,6
779,2002-06-08,24,16,2,27,22,26,1
780,2002-06-15,15,40,8,19,25,33,4
781,2002-06-22,29,26,30,17,7,3,3
782,2002-06-29,7,17,18,33,13,27,8
783,2002-07-06,4,31,11,3,28,35,1
784,2002-07-13,19,23,10,35,14,7,1
785,2002-07-20,6,8,7,30,18,5,4
786,2002-07-27,21,23,32,22,9,19,8
787,2002-08-03,27,6,25,4,2,1,5
788,2002-08-10,23,37,30,32,2,1,8
789,2002-08-17,21,11,22,7,17,28,3
790,2002-08-24,35,21,8,13,25,2,3
791,2002-08-31,32,29,16,38,33,40,7
792,2002-09-07,13,3,39,36,16,14,5
793,2002-09-14,27,13,25,19,18,7,7
794,2002-09-21,34,26,3,21,10,22,4
795,2002-09-28,1,14,37,26,2,28,4
796,2002-10-05,11,5,22,20,27,36,5
797,2002-10-12,36,32,35,13,24,40,5
798,2002-10-19,24,20,2,35,6,10,6
799,2002-10-26,23,26,40,4,12,38,1
800,2002-11-02,13,25,3,11,21,14,2
801,2002-11-09,2,9,33,22,1,32,6
802,2002-11-16,33,29,3,8,2,35,4
803,2002-11-23,25,33,21,14,38,5,5
804,2002-11-30,18,12,37,1,11,36,4
805,2002-12-07,1,34,39,14,38,37,8
806,2002-12-14,10,24,16,18,14,28,2
807,2002-12-21,5,3,19,25,31,35,8
808,2002-12-28,27,36,40,31,25,19,1
809,2003-01-04,1,27,6,3,23,38,2
810,2003-01-11,36,24,15,38,11,23,1
811,2003-01-18,36,8,31,12,9,38,3
812,2003-01-25,11,33,26,13,1,10,3
813,2003-02-01,3,35,6,8,9,39,5
814,2003-02-08,31,22,27,36,13,8,2
815,2003-02-15,30,28,10,23,7,16,2
816,2003-02-22,31,25,19,26,30,8,8
817,2003-03-01,39,22,32,8,29,36,4
818,2003-03-08,7,14,34,10,30,6,6
819,2003-03-15,21,15,11,23,9,24,2
820,2003-03-22,25,17,38,3,13,1,6
821,2003-03-29,28,23,36,1,16,14,8
822,2003-04-05,38,23,15,11,21,14,3
823,2003-04-12,2,4,31,6,39,21,5
824,2003-04-19,3,4,35,10,28,25,3
825,2003-04-26,40,13,18,15,24,33,1
826,2003-05-03,10,28,36,17,18,33,8
827,2003-05-10,40,26,16,3,1,36,3
828,2003-05-17,12,29,37,14,25,20,3
829,2003-05-24,22,4,10,37,25,1,8
830,2003-05-31,20,17,39,23,25,3,3
831,2003-06-07,16,9,1,14,29,19,1
832,2003-06-14,14,13,16,12,19,24,1
833,2003-06-21,30,20,10,35,32,25,8
834,2003-06-28,16,6,33,23,22,35,1
835,2003-07-05,19,14,37,11,9,36,2
836,2003-07-12,33,5,24,23,27,25,5
837,2003-07-19,32,5,35,1,38,40,5
838,2003-07-26,30,39,27,11,35,20,4
839,2003-08-02,19,29,32,3,6,8,1
840,2003-08-09,36,13,3,23,37,35,4
841,2003-08-16,16,17,19,7,12,9,5
842,2003-08-23,27,24,1,28,4,7,3
843,2003-08-30,7,40,23,33,18,28,3
844,2003-09-06,18,39,25,21,13,19,2
845,2003-09-13,14,19,30,13,6,26,2
846,2003-09-20,14,27,40,25,35,16,7
847,2003-09-27,33,20,16,5,35,26,6
848,2003-10-04,29,28,30,32,35,14,6
849,2003-10-11,24,32,9,26,28,31,5
850,2003-10-18,21,3,31,1,24,30,2
851,2003-10-25,22,35,19,26,30,2,6
852,2003-11-01,15,35,10,19,27,13,3
853,2003-11-08,25,13,12,39,27,36,1
854,2003-11-15,27,21,2,10,17,22,6
855,2003-11-22,25,5,16,39,24,32,7
856,2003-11-29,37,1,19,15,23,11,2
857,2003-12-06,35,17,38,30,22,6,1
858,2003-12-13,34,16,14,15,2,22,3
859,2003-12-20,11,22,29,4,6,3,5
860,2003-12-27,19,1,34,10,35,38,3
861,2003-12-31,35,18,2,17,22,28,5
862,2004-01-03,10,14,7,35,34,15,1
863,2004-01-10,30,26,13,5,25,2,5
864,2004-01-17,8,33,36,7,3,38,1
865,2004-01-24,11,31,39,10,32,24,3
866,2004-01-31,20,35,7,33,34,9,1
867,2004-02-07,7,2,26,15,29,33,1
868,2004-02-14,27,25,8,19,40,4,1
869,2004-02-21,19,27,13,32,7,21,3
870,2004-02-28,16,5,39,8,19,7,5
871,2004-03-06,21,32,11,4,10,16,4
872,2004-03-13,13,5,26,1,9,4,3
873,2004-03-20,6,9,30,7,8,25,1
874,2004-03-27,29,33,31,19,13,12,4
875,2004-04-03,35,13,8,6,21,12,4
876,2004-04-10,13,33,36,39,14,23,6
877,2004-04-17,31,10,20,29,33,36,8
878,2004-04-24,23,18,1,32,15,11,7
879,2004-05-01,26,31,27,11,21,14,2
880,2004-05-08,10,28,7,40,31,12,8
881,2004-05-15,18,25,36,8,9,17,5
882,2004-05-22,39,16,31,28,8,17,1
883,2004-05-29,38,9,11,1,40,6,3
884,2004-06-05,5,31,37,18,27,9,3
885,2004-06-12,16,2,13,17,6,33,1
886,2004-06-19,33,19,10,8,36,26,6
887,2004-06-26,21,19,4,35,37,8,1
888,2004-07-03,31,21,13,30,12,24,3
889,2004-07-10,21,15,35,33,29,18,4
890,2004-07-17,23,11,17,30,21,8,7
891,2004-07-24,32,33,19,4,18,29,1
892,2004-07-31,35,28,10,14,26,8,5
893,2004-08-07,2,1,33,39,32,3,5
894,2004-08-14,24,3,1,32,34,28,8
895,2004-08-21,11,21,6,38,20,9,5
896,2004-08-28,25,39,4,10,30,1,8
897,2004-09-04,30,19,33,28,20,8,7
898,2004-09-11,7,34,24,21,19,15,7
899,2004-09-18,18,39,26,29,33,27,3
900,2004-09-25,32,38,12,3,4,11,1
901,2004-10-02,38,20,18,12,27,34,3
902,2004-10-09,22,39,21,11,2,25,1
903,2004-10-16,27,2,20,37,35,23,8
904,2004-10-23,2,5,36,39,7,17,6
905,2004-10-30,6,1,38,40,20,16,5
906,2004-11-06,31,30,40,34,22,24,5
907,2004-11-13,24,15,1,32,31,9,8
908,2004-11-20,34,23,19,39,21,2,6
909,2004-11-27,33,25,40,30,32,26,4
910,2004-12-04,15,9,31,6,14,26,3
911,2004-12-11,39,22,36,38,10,12,7
912,2004-12-15,21,7,27,3,34,5,2
913,2004-12-18,9,38,26,35,20,19,6
914,2004-12-22,1,6,14,36,4,35,3
915,2004-12-25,8,27,24,1,9,30,2
916,2005-01-01,38,18,30,22,32,12,3
917,2005-01-08,37,38,34,7,9,36,7
918,2005-01-15,14,26,39,1,20,6,3
919,2005-01-22,2,24,36,13,39,21,4
920,2005-01-29,25,34,29,19,35,13,4
921,2005-02-05,30,38,18,4,22,36,8
922,2005-02-12,16,26,39,29,27,31,7
923,2005-02-19,6,37,2,33,32,26,6
924,2005-02-26,36,16,3,27,9,31,6
925,2005-03-05,27,11,33,18,32,25,7
926,2005-03-12,28,8,35,20,16,40,7
927,2005-03-19,8,25,4,32,37,21,3
928,2005-03-26,17,38,9,19,22,35,1
929,2005-03-30,37,39,21,27,10,16,8
930,2005-04-02,15,26,28,10,29,20,7
931,2005-04-09,29,18,21,31,23,7,5
932,2005-04-16,27,29,17,31,2,4,4
933,2005-04-23,30,36,28,16,4,27,8
934,2005-04-30,30,24,19,40,36,37,3
935,2005-05-07,19,7,8,20,13,33,5
936,2005-05-14,15,19,25,21,39,27,2
937,2005-05-21,13,6,39,15,37,18,4
938,2005-05-28,34,5,38,1,13,22,1
939,2005-06-04,5,18,14,37,1,40,3
940,2005-06-11,24,5,27,31,34,23,8
941,2005-06-18,18,17,10,9,26,4,1
942,2005-06-25,40,9,20,15,5,32,4
943,2005-07-02,37,20,22,34,11,12,2
944,2005-07-09,1,21,10,29,25,19,6
945,2005-07-16,28,21,11,14,19,35,5
946,2005-07-23,17,32,34,23,21,1,3
947,2005-07-30,32,1,21,14,23,15,5
948,2005-08-06,8,21,31,23,6,13,8
949,2005-08-13,34,24,12,11,5,32,8
950,2005-08-20,5,13,29,30,22,23,2
951,2005-08-27,6,28,18,33,4,9,5
952,2005-09-03,31,20,3,6,19,16,1
953,2005-09-10,8,35,22,2,31,33,4
954,2005-09-17,9,24,20,36,4,8,7
955,2005-09-24,28,9,39,31,17,8,6
956,2005-10-01,26,38,36,37,24,17,6
957,2005-10-08,40,22,29,6,8,5,8
958,2005-10-15,40,24,8,35,28,1,1
959,2005-10-22,9,11,16,12,1,14,2
960,2005-10-29,23,24,20,35,33,37,6
961,2005-11-05,36,4,14,25,24,34,3
962,2005-11-12,28,20,27,39,31,16,8
963,2005-11-19,24,17,26,40,4,2,6
964,2005-11-26,33,26,3,1,22,31,1
965,2005-12-03,18,10,2,5,12,16,6
966,2005-12-10,36,11,32,20,22,9,1
967,2005-12-17,6,31,5,12,25,33,1
968,2005-12-24,22,5,14,32,3,23,7
969,2005-12-31,29,21,35,19,25,36,4
970,2006-01-07,6,14,28,16,30,29,7
971,2006-01-14,6,34,30,17,32,10,2
972,2006-01-21,40,18,9,13,21,26,7
973,2006-01-28,25,20,35,7,32,17,1
974,2006-02-04,15,12,14,13,40,32,4
975,2006-02-11,29,26,36,28,7,31,3
976,2006-02-18,18,21,30,22,32,4,3
977,2006-02-25,38,40,15,21,17,39,1
978,2006-03-04,20,16,24,14,12,4,7
979,2006-03-11,26,37,19,22,11,23,3
980,2006-03-18,30,38,39,5,25,21,4
981,2006-03-25,17,13,28,15,26,12,1
982,2006-04-01,30,33,25,37,11,17,6
983,2006-04-08,32,34,17,13,10,23,5
984,2006-04-15,33,12,7,5,10,23,3
985,2006-04-22,19,37,11,8,35,26,5
986,2006-04-29,10,32,7,27,40,2,2
987,2006-05-06,29,31,32,22,13,15,6
988,2006-05-13,25,1,10,9,28,15,2
989,2006-05-20,24,22,27,13,6,8,6
990,2006-05-27,19,36,34,30,35,33,1
991,2006-06-03,28,18,3,7,9,30,2
992,2006-06-10,38,4,40,9,36,15,4
993,2006-06-17,3,4,5,7,12,1,1
994,2006-06-24,24,19,26,17,37,11,5
995,2006-07-01,12,20,27,29,26,16,6
996,2006-07-08,28,16,39,6,21,37,5
997,2006-07-15,29,39,26,7,27,24,2
998,2006-07-22,29,39,18,13,38,35,5
999,2006-07-29,20,24,21,23,16,5,6
1000,2006-08-05,12,1,11,10,32,25,1
1001,2006-08-12,11,23,17,12,40,38,4
1002,2006-08-19,12,3,1,17,6,4,2
1003,2006-08-26,21,23,12,20,39,34,2
1004,2006-09-02,11,20,10,37,23,25,7
1005,2006-09-09,24,1,9,3,21,15,4
1006,2006-09-16,36,2,4,19,39,18,1
1007,2006-09-23,3,7,17,20,28,33,6
1008,2006-09-30,3,27,14,29,19,8,3
1009,2006-10-07,5,10,6,7,2,27,2
1010,2006-10-14,28,39,12,25,3,37,6
1011,2006-10-21,2,11,22,13,16,8,4
1012,2006-10-28,8,29,6,12,27,20,1
1013,2006-11-04,30,2,15,24,38,11,7
1014,2006-11-11,23,5,19,11,22,2,6
1015,2006-11-18,4,31,14,13,39,38,8
1016,2006-11-25,40,19,35,24,38,10,6
1017,2006-12-02,28,7,25,10,1,32,6
1018,2006-12-09,6,30,1,11,13,9,8
1019,2006-12-16,31,21,4,2,32,27,6
1020,2006-12-23,37,10,13,16,7,14,6
1021,2006-12-30,25,9,21,31,22,11,3
1022,2007-01-06,9,18,1,4,25,34,1
1023,2007-01-13,23,28,16,9,4,37,8
1024,2007-01-20,20,12,15,3,27,6,4
1025,2007-01-27,20,2,24,29,31,21,2
1026,2007-02-03,16,32,36,27,9,11,8
1027,2007-02-10,38,5,21,29,35,17,4
1028,2007-02-17,21,20,27,36,32,38,8
1029,2007-02-24,35,30,37,20,4,5,5
1030,2007-03-03,18,25,38,35,32,28,4
1031,2007-03-10,3,21,18,1,25,7,7
1032,2007-03-17,15,22,1,30,25,23,8
1033,2007-03-24,40,31,30,4,9,17,2
1034,2007-03-31,19,26,10,31,23,15,7
1035,2007-04-07,33,5,16,11,21,14,1
1036,2007-04-14,34,13,38,16,29,11,7
1037,2007-04-21,20,34,36,2,11,39,2
1038,2007-04-28,3,34,24,17,2,39,3
1039,2007-05-05,11,4,10,25,38,37,1
1040,2007-05-12,34,5,14,19,25,6,8
1041,2007-05-19,35,12,5,8,7,33,8
1042,2007-05-26,10,39,14,11,17,4,8
1043,2007-06-02,32,29,19,20,24,17,4
1044,2007-06-09,23,27,38,2,25,11,8
1045,2007-06-16,10,15,9,3,7,1,3
1046,2007-06-23,29,12,2,38,33,30,7
1047,2007-06-30,13,40,23,1,28,32,2
1048,2007-07-07,12,13,20,1,25,34,1
1049,2007-07-14,6,18,36,27,12,38,4
1050,2007-07-21,30,35,16,15,4,10,8
1051,2007-07-28,7,30,1,18,26,13,8
1052,2007-08-04,5,39,24,15,37,34,3
1053,2007-08-11,4,34,32,8,28,7,2
1054,2007-08-18,29,9,16,26,2,36,6
1055,2007-08-25,22,14,19,37,20,35,4
1056,2007-09-01,22,12,16,15,13,38,5
1057,2007-09-08,2,28,24,29,23,5,7
1058,2007-09-15,26,24,12,23,4,7,4
1059,2007-09-22,24,6,8,14,33,32,5
1060,2007-09-29,7,4,32,35,20,17,2
1061,2007-10-06,13,35,21,24,1,14,7
1062,2007-10-13,26,34,32,29,4,36,1
1063,2007-10-20,27,37,9,38,34,14,6
1064,2007-10-27,27,19,32,23,40,25,3
1065,2007-11-03,15,40,11,23,30,31,6
1066,2007-11-10,12,39,2,13,37,25,6
1067,2007-11-17,18,26,24,13,31,37,8
1068,2007-11-24,38,3,18,4,27,29,5
1069,2007-12-01,33,3,40,1,38,14,7
1070,2007-12-08,4,9,34,18,21,8,3
1071,2007-12-15,11,31,17,28,2,7,1
1072,2007-12-22,20,38,17,27,31,30,6
1073,2007-12-29,33,35,30,8,22,38,10
1074,2008-01-05,21,14,3,8,18,36,3
1075,2008-01-12,5,14,22,19,40,16,9
1076,2008-01-19,26,10,38,36,8,12,5
1077,2008-01-26,10,40,15,22,34,19,4
1078,2008-02-02,22,32,2,4,38,12,8
1079,2008-02-09,36,14,40,16,19,39,7
1080,2008-02-16,3,23,40,14,9,15,8
1081,2008-02-23,4,36,13,27,32,38,1
1082,2008-03-01,35,4,32,12,31,29,4
1083,2008-03-08,35,12,6,18,39,17,9
1084,2008-03-15,16,40,17,3,25,23,6
1085,2008-03-22,32,22,21,23,26,30,6
1086,2008-03-29,5,13,16,38,28,40,4
1087,2008-04-05,19,33,36,27,7,17,5
1088,2008-04-12,23,16,12,31,11,29,8
1089,2008-04-19,24,3,16,11,5,28,6
1090,2008-04-26,40,35,10,22,16,28,8
1091,2008-05-03,25,38,33,29,32,14,7
1092,2008-05-10,30,17,9,15,36,39,9
1093,2008-05-17,10,27,38,3,35,14,1
1094,2008-05-24,9,25,23,10,34,1,6
1095,2008-05-31,23,8,30,14,31,39,8
1096,2008-06-07,12,34,32,23,31,22,10
1097,2008-06-14,40,33,28,26,37,35,9
1098,2008-06-21,21,12,26,11,36,37,10
1099,2008-06-28,29,7,37,30,36,17,5
1100,2008-07-05,18,38,10,23,2,30,6
1101,2008-07-12,17,26,14,16,9,28,2
1102,2008-07-19,15,21,17,38,40,30,2
1103,2008-07-26,32,7,17,35,4,24,10
1104,2008-08-02,2,17,34,18,5,40,5
1105,2008-08-09,35,4,38,8,37,7,2
1106,2008-08-16,7,19,6,25,4,35,3
1107,2008-08-23,30,5,23,24,6,22,6
1108,2008-08-30,4,26,23,35,3,36,4
1109,2008-09-06,38,35,31,7,19,25,1
1110,2008-09-13,2,17,15,27,20,28,8
1111,2008-09-20,16,11,3,10,15,6,3
1112,2008-09-27,6,37,29,26,11,34,6
1113,2008-10-04,8,39,32,10,11,26,8
1114,2008-10-11,35,8,24,27,4,17,8
1115,2008-10-18,2,31,5,22,16,40,2
1116,2008-10-25,22,39,6,19,15,1,3
1117,2008-11-01,15,37,23,18,14,6,6
1118,2008-11-08,1,29,37,30,22,19,1
1119,2008-11-15,40,26,10,6,14,9,2
1120,2008-11-22,29,38,16,13,30,27,3
1121,2008-11-29,12,23,2,33,16,13,6
1122,2008-12-06,39,40,19,10,22,18,3
1123,2008-12-13,38,18,24,28,31,3,2
1124,2008-12-20,35,38,25,4,26,27,4
1125,2008-12-27,2,36,27,16,9,22,2
1126,2009-01-03,10,26,30,5,18,21,4
1127,2009-01-10,31,18,7,32,22,10,6
1128,2009-01-17,37,25,11,17,33,16,2
1129,2009-01-24,29,19,20,3,17,24,1
1130,2009-01-31,19,3,21,13,31,37,9
1131,2009-02-07,25,21,28,5,10,18,2
1132,2009-02-14,16,33,28,37,36,6,7
1133,2009-02-21,5,31,12,19,26,11,2
1134,2009-02-28,4,7,30,5,23,34,5
1135,2009-03-07,38,15,32,13,18,24,1
1136,2009-03-14,18,1,22,15,12,8,4
1137,2009-03-21,3,36,40,20,7,24,8
1138,2009-03-28,39,17,23,26,3,11,1
1139,2009-04-04,17,36,8,10,9,22,3
1140,2009-04-11,16,24,37,35,26,20,8
1141,2009-04-18,16,25,14,33,11,38,1
1142,2009-04-25,30,11,38,33,6,37,2
1143,2009-05-02,3,31,33,40,21,15,6
1144,2009-05-09,19,12,1,14,20,23,1
1145,2009-05-16,15,21,18,1,5,11,4
1146,2009-05-23,34,14,22,12,17,7,10
1147,2009-05-30,15,31,24,14,30,37,6
1148,2009-06-06,18,7,39,16,33,40,1
1149,2009-06-13,31,1,17,32,21,22,10
1150,2009-06-20,19,22,10,34,38,13,2
1151,2009-06-27,1,14,30,15,40,32,9
1152,2009-07-04,2,17,26,7,9,12,8
1153,2009-07-11,32,24,36,12,9,37,2
1154,2009-07-18,38,40,16,32,29,4,6
1155,2009-07-25,19,23,20,16,5,15,2
1156,2009-08-01,40,19,35,13,12,26,2
1157,2009-08-08,24,31,23,19,12,35,5
1158,2009-08-15,17,40,39,27,2,3,1
1159,2009-08-22,39,19,18,35,13,40,9
1160,2009-08-29,10,8,23,22,21,20,4
1161,2009-09-05,1,7,15,31,13,22,7
1162,2009-09-12,40,10,11,25,4,31,7
1163,2009-09-19,24,4,25,18,37,13,3
1164,2009-09-26,13,8,22,33,19,36,5
1165,2009-10-03,31,1,25,27,15,13,9
1166,2009-10-10,13,26,33,31,29,35,2
1167,2009-10-17,12,21,37,33,16,29,6
1168,2009-10-24,8,2,21,35,31,15,5
1169,2009-10-31,28,30,9,10,34,13,5
1170,2009-11-07,5,40,32,18,37,13,5
1171,2009-11-14,28,30,24,2,5,8,5
1172,2009-11-21,36,12,22,18,39,25,4
1173,2009-11-28,22,32,20,5,14,15,3
1174,2009-12-05,38,30,4,15,32,2,7
1175,2009-12-12,23,4,21,1,8,6,7
1176,2009-12-19,39,30,13,1,26,5,2
1177,2009-12-26,1,18,3,22,40,27,3
1178,2010-01-02,34,25,39,13,23,21,4
1179,2010-01-09,40,30,37,21,16,32,8
1180,2010-01-16,29,22,3,18,11,6,6
1181,2010-01-23,39,28,3,30,4,34,5
1182,2010-01-30,13,19,11,8,3,36,7
1183,2010-02-06,14,19,15,23,36,11,5
1184,2010-02-13,33,35,38,29,25,14,9
1185,2010-02-20,37,11,24,38,15,21,4
1186,2010-02-27,40,16,14,36,9,20,4
1187,2010-03-06,37,26,30,39,5,11,5
1188,2010-03-13,7,16,12,14,15,4,6
1189,2010-03-20,32,25,31,23,19,30,6
1190,2010-03-27,7,39,37,27,15,12,3
1191,2010-04-03,17,14,7,36,16,13,8
1192,2010-04-10,3,21,6,5,27,38,1
1193,2010-04-17,35,39,30,9,3,29,4
1194,2010-04-24,30,18,1,33,40,16,8
1195,2010-05-01,16,20,31,8,4,38,5
1196,2010-05-08,31,18,10,11,14,22,2
1197,2010-05-15,16,27,32,26,19,23,10
1198,2010-05-22,1,36,18,25,14,4,8
1199,2010-05-29,1,10,12,31,27,21,3
1200,2010-06-05,20,25,7,30,16,11,6
1201,2010-06-12,30,38,12,36,32,10,2
1202,2010-06-19,30,14,37,18,33,36,3
1203,2010-06-26,28,11,8,35,7,5,8
1204,2010-07-03,24,1,17,6,34,21,10
1205,2010-07-10,25,2,18,22,11,10,5
1206,2010-07-17,35,5,28,10,24,8,6
1207,2010-07-24,36,11,22,32,1,12,6
1208,2010-07-31,22,8,28,1,26,38,3
1209,2010-08-07,18,35,4,34,24,28,6
1210,2010-08-14,11,29,23,13,2,30,5
1211,2010-08-21,22,33,23,10,13,17,4
1212,2010-08-28,11,26,40,3,38,7,6
1213,2010-09-04,16,36,18,35,39,31,3
1214,2010-09-11,1,5,2,31,39,34,2
1215,2010-09-18,32,9,23,19,12,37,4
1216,2010-09-25,4,14,11,32,5,27,10
1217,2010-10-02,40,37,13,30,34,5,2
1218,2010-10-09,6,38,1,28,22,35,9
1219,2010-10-16,38,31,15,14,35,9,10
1220,2010-10-23,37,34,23,4,40,27,10
1221,2010-10-30,25,2,21,16,7,28,2
1222,2010-11-06,31,20,11,28,38,32,1
1223,2010-11-13,28,19,15,6,33,35,10
1224,2010-11-20,30,6,12,23,17,9,8
1225,2010-11-27,38,8,1,36,32,7,3
1226,2010-12-04,34,1,14,19,32,21,10
1227,2010-12-11,13,2,16,3,11,26,8
1228,2010-12-18,19,38,28,26,1,39,4
1229,2010-12-25,22,12,10,3,25,6,5
1230,2011-01-01,34,29,5,37,10,13,8
1231,2011-01-08,5,16,10,36,20,37,10
1232,2011-01-15,2,15,1,32,36,10,10
1233,2011-01-22,30,33,19,13,34,18,4
1234,2011-01-29,22,5,2,29,1,12,1
1235,2011-02-05,13,33,6,36,5,31,2
1236,2011-02-12,27,37,38,29,36,7,4
1237,2011-02-19,2,15,27,37,17,32,6
1238,2011-02-26,4,27,6,17,12,32,9
1239,2011-03-05,25,8,23,40,1,31,10
1240,2011-03-12,33,1,38,10,19,9,2
1241,2011-03-19,1,40,18,29,24,21,6
1242,2011-03-26,19,22,13,10,3,33,5
1243,2011-04-02,25,31,13,28,34,8,8
1244,2011-04-09,8,20,35,18,5,3,3
1245,2011-04-16,17,39,38,24,8,4,10
1246,2011-04-23,16,31,27,13,23,18,10
1247,2011-04-30,8,28,37,4,5,20,1
1248,2011-05-07,37,28,27,24,36,30,2
1249,2011-05-14,28,30,20,34,12,6,2
1250,2011-05-21,31,22,15,7,27,12,8
1251,2011-05-28,33,27,21,26,7,9,3
1252,2011-06-04,2,26,20,25,22,38,3
1253,2011-06-11,1,28,2,40,27,7,1
1254,2011-06-18,32,15,25,21,16,30,5
1255,2011-06-25,18,39,34,3,26,17,2
1256,2011-07-02,36,19,28,1,30,2,10
1257,2011-07-09,39,20,37,32,15,18,9
1258,2011-07-16,35,23,17,25,6,22,3
1259,2011-07-23,8,10,39,6,33,23,1
1260,2011-07-30,27,26,39,25,5,16,10
1261,2011-08-06,14,36,26,13,1,22,5
1262,2011-08-13,39,40,9,24,35,19,6
1263,2011-08-20,4,2,29,15,28,30,3
1264,2011-08-27,32,38,23,37,25,31,3
1265,2011-09-03,16,37,19,26,1,7,5
1266,2011-09-10,12,5,39,22,27,8,4
1267,2011-09-17,34,15,27,26,12,6,2
1268,2011-09-24,13,14,3,21,11,36,9
1269,2011-10-01,4,6,21,40,7,33,9
1270,2011-10-08,28,40,25,17,39,23,10
1271,2011-10-15,13,32,34,12,31,26,2
1272,2011-10-22,12,40,6,35,10,24,7
1273,2011-10-29,21,26,15,16,1,34,9
1274,2011-11-05,2,35,38,31,21,5,6
1275,2011-11-12,1,2,18,8,6,5,6
1276,2011-11-19,15,30,25,31,26,13,9
1277,2011-11-26,17,33,3,23,38,8,8
1278,2011-12-03,18,21,15,4,32,33,5
1279,2011-12-10,27,13,30,36,14,37,3
1280,2011-12-17,23,31,19,40,13,9,3
1281,2011-12-24,34,15,26,7,18,32,3
1282,2011-12-31,4,36,27,13,10,39,9
1283,2012-01-07,8,12,35,36,40,10,10
1284,2012-01-14,3,5,34,19,1,16,9
1285,2012-01-21,13,38,7,20,1,4,7
1286,2012-01-28,35,33,8,16,40,6,5
1287,2012-02-04,38,21,26,34,33,23,1
1288,2012-02-11,9,33,2,17,21,7,3
1289,2012-02-18,7,13,34,27,36,22,7
1290,2012-02-25,20,7,3,40,9,27,1
1291,2012-03-03,31,23,39,3,40,8,7
1292,2012-03-10,24,11,39,15,8,35,4
1293,2012-03-17,33,5,4,40,18,11,2
1294,2012-03-24,33,2,19,22,14,9,2
1295,2012-03-31,40,21,5,35,24,4,7
1296,2012-04-07,21,24,30,27,35,5,1
1297,2012-04-14,13,27,23,17,33,31,8
1298,2012-04-21,11,16,13,7,15,12,3
1299,2012-04-28,24,20,4,13,1,12,9
1300,2012-05-05,35,31,28,38,34,7,9
1301,2012-05-12,2,24,36,35,13,16,8
1302,2012-05-19,37,13,36,16,32,18,4
1303,2012-05-26,8,21,39,10,20,12,1
1304,2012-06-02,10,21,11,24,33,15,6
1305,2012-06-09,7,10,17,6,5,24,2
1306,2012-06-16,39,9,20,27,18,33,2
1307,2012-06-23,30,32,29,26,28,25,4
1308,2012-06-30,2,14,24,9,10,22,9
1309,2012-07-07,27,40,39,21,11,8,7
1310,2012-07-14,12,11,7,4,34,15,2
1311,2012-07-21,31,15,17,1,13,26,8
1312,2012-07-28,8,7,9,25,2,18,1
1313,2012-08-04,10,24,29,12,13,38,9
1314,2012-08-11,26,4,20,15,2,31,3
1315,2012-08-18,13,35,23,10,21,27,2
1316,2012-08-25,8,39,27,18,17,13,7
1317,2012-09-01,26,35,33,1,15,5,2
1318,2012-09-08,31,40,38,16,39,7,2
1319,2012-09-15,14,3,16,36,1,38,7
1320,2012-09-22,9,17,35,21,19,12,8
1321,2012-09-29,9,13,30,34,35,6,6
1322,2012-10-06,30,15,19,23,22,9,5
1323,2012-10-13,31,40,1,30,29,7,2
1324,2012-10-20,12,31,27,11,14,2,10
1325,2012-10-27,33,14,15,39,36,29,8
1326,2012-11-03,36,21,35,2,1,15,8
1327,2012-11-10,22,36,18,31,33,32,10
1328,2012-11-17,17,22,1,32,28,18,10
1329,2012-11-24,4,34,35,18,3,19,9
1330,2012-12-01,8,14,10,21,39,15,4
1331,2012-12-08,18,27,13,21,9,24,8
1332,2012-12-15,36,25,12,24,6,23,7
1333,2012-12-22,14,6,19,13,8,31,2
1334,2012-12-29,6,26,3,25,7,29,4
1335,2013-01-05,26,1,8,30,14,3,10
1336,2013-01-12,3,7,2,1,30,8,5
1337,2013-01-19,19,5,39,21,36,32,8
1338,2013-01-26,31,29,1,27,2,12,2
1339,2013-02-02,13,24,5,39,6,19,5
1340,2013-02-09,20,17,28,4,19,9,7
1341,2013-02-16,2,32,6,25,36,35,2
1342,2013-02-23,21,13,38,29,40,28,1
1343,2013-03-02,11,12,33,8,37,18,4
1344,2013-03-09,40,39,11,37,7,10,8
1345,2013-03-16,16,11,26,3,13,15,8
1346,2013-03-23,18,16,29,30,32,1,5
1347,2013-03-30,36,11,38,26,10,6,3
1348,2013-04-06,13,29,16,33,25,38,8
1349,2013-04-13,7,37,24,16,6,38,8
1350,2013-04-20,29,39,15,34,40,31,10
1351,2013-04-27,18,17,9,35,13,23,2
1352,2013-05-04,40,24,15,38,26,27,2
1353,2013-05-11,29,19,12,39,16,18,5
1354,2013-05-18,3,35,36,33,8,22,5
1355,2013-05-25,4,2,19,17,27,9,5
1356,2013-06-01,11,23,22,13,36,8,2
1357,2013-06-08,7,6,32,37,29,19,8
1358,2013-06-15,26,33,39,12,31,36,8
1359,2013-06-22,7,14,30,23,2,33,8
1360,2013-06-29,20,38,3,17,10,16,8
1361,2013-07-06,14,25,19,38,34,13,1
1362,2013-07-13,3,32,5,22,19,13,3
1363,2013-07-20,20,1,10,36,21,6,3
1364,2013-07-27,32,1,2,37,36,24,1
1365,2013-08-03,4,29,23,15,9,6,3
1366,2013-08-10,27,5,38,21,23,30,2
1367,2013-08-17,23,34,11,29,16,1,3
1368,2013-08-24,27,36,7,40,4,19,1
1369,2013-08-31,28,25,17,12,6,20,2
1370,2013-09-07,24,4,33,38,2,32,4
1371,2013-09-14,30,31,2,5,11,19,7
1372,2013-09-21,21,17,26,18,6,8,5
1373,2013-09-28,39,21,40,1,29,33,4
1374,2013-10-05,1,28,20,19,13,37,3
1375,2013-10-12,37,6,32,30,8,39,2
1376,2013-10-19,14,40,29,2,27,34,2
1377,2013-10-26,4,15,33,27,32,19,2
1378,2013-11-02,1,21,5,15,12,29,5
1379,2013-11-09,39,30,28,6,9,18,8
1380,2013-11-16,4,9,25,18,8,28,4
1381,2013-11-23,37,14,26,30,28,40,1
1382,2013-11-30,1,37,4,11,17,31,7
1383,2013-12-07,3,25,21,26,31,11,4
1384,2013-12-14,5,15,33,32,20,39,10
1385,2013-12-21,25,12,19,7,4,20,3
1386,2013-12-28,18,34,15,20,6,16,8
1387,2014-01-04,24,26,37,14,12,16,5
1388,2014-01-11,31,10,22,30,39,12,2
1389,2014-01-18,35,37,29,14,18,23,6
1390,2014-01-25,37,38,28,26,10,39,1
1391,2014-02-01,15,38,27,20,30,39,10
1392,2014-02-08,35,20,37,16,39,17,9
1393,2014-02-15,24,28,19,8,17,9,3
1394,2014-02-22,34,27,9,24,40,22,6
1395,2014-03-01,9,13,33,31,1,20,5
1396,2014-03-08,28,18,8,6,35,3,10
1397,2014-03-15,19,2,22,6,36,11,10
1398,2014-03-22,12,18,34,16,35,39,3
1399,2014-03-29,4,19,13,10,24,21,6
1400,2014-04-05,11,16,20,31,33,13,3
1401,2014-04-12,38,7,29,24,10,22,9
1402,2014-04-19,26,37,30,19,28,3,8
1403,2014-04-26,12,29,25,31,18,17,2
1404,2014-05-03,22,38,36,34,11,20,6
1405,2014-05-10,35,5,9,24,4,3,10
1406,2014-05-17,6,40,19,36,23,26,10
1407,2014-05-24,22,35,10,24,16,14,8
1408,2014-05-31,7,26,35,27,34,32,7
1409,2014-06-07,7,32,27,2,33,4,3
1410,2014-06-14,8,20,11,39,40,4,7
1411,2014-06-21,35,18,14,17,3,2,7
1412,2014-06-28,1,14,36,3,38,2,1
1413,2014-07-05,2,12,23,18,10,9,2
1414,2014-07-12,14,37,30,36,31,21,4
1415,2014-07-19,16,33,8,29,6,11,7
1416,2014-07-26,13,40,14,27,38,31,2
1417,2014-08-02,20,4,37,34,22,36,2
1418,2014-08-09,25,18,7,14,30,17,10
1419,2014-08-16,24,2,26,29,33,10,9
1420,2014-08-23,25,16,4,37,29,20,10
1421,2014-08-30,19,39,10,35,15,17,6
1422,2014-09-06,38,35,14,4,17,3,1
1423,2014-09-13,5,19,27,14,21,7,1
1424,2014-09-20,22,26,37,33,30,3,2
1425,2014-09-27,40,38,20,28,15,19,8
1426,2014-10-04,11,19,2,17,26,28,10
1427,2014-10-11,39,4,25,10,24,20,10
1428,2014-10-18,40,27,15,32,36,2,8
1429,2014-10-25,9,31,35,19,28,2,4
1430,2014-11-01,26,12,32,3,37,14,6
1431,2014-11-08,35,39,24,36,25,9,2
1432,2014-11-15,28,34,40,16,27,23,4
1433,2014-11-22,37,17,3,23,34,28,3
1434,2014-11-29,5,39,1,2,28,23,4
1435,2014-12-06,14,21,26,19,23,11,8
1436,2014-12-13,18,38,33,8,21,28,5
1437,2014-12-20,37,33,22,5,20,29,1
1438,2014-12-27,24,19,10,15,9,28,8
1439,2015-01-03,27,6,4,17,31,32,9
1440,2015-01-10,19,15,39,27,2,37,10
1441,2015-01-17,40,19,15,32,35,30,6
1442,2015-01-24,27,8,19,28,24,22,4
1443,2015-01-31,31,32,16,28,8,15,6
1444,2015-02-07,39,17,14,13,18,40,6
1445,2015-02-14,20,5,1,16,30,34,9
1446,2015-02-21,21,18,26,6,39,31,6
1447,2015-02-28,40,5,25,30,31,6,1
1448,2015-03-07,26,1,30,24,2,6,3
1449,2015-03-14,26,34,18,13,40,12,6
1450,2015-03-21,14,20,8,33,5,17,4
1451,2015-03-28,15,14,4,33,27,9,7
1452,2015-04-04,1,9,7,32,17,2,8
1453,2015-04-11,19,33,21,3,4,26,4
1454,2015-04-18,37,21,15,23,6,18,9
1455,2015-04-25,25,14,15,20,10,37,7
1456,2015-05-02,36,8,37,27,13,32,7
1457,2015-05-09,22,32,9,33,25,35,10
1458,2015-05-16,1,32,5,38,31,3,2
1459,2015-05-23,37,3,9,1,36,34,2
1460,2015-05-30,33,14,10,8,17,34,10
1461,2015-06-06,29,32,37,10,19,1,5
1462,2015-06-13,9,12,20,35,17,38,6
1463,2015-06-20,21,18,40,37,15,36,6
1464,2015-06-27,13,8,33,18,25,9,3
1465,2015-07-04,38,16,10,7,3,18,3
1466,2015-07-11,15,36,17,8,31,11,6
1467,2015-07-18,18,19,37,26,35,12,2
1468,2015-07-25,36,18,9,22,39,15,5
1469,2015-08-01,35,19,6,18,20,8,7
1470,2015-08-08,2,22,13,39,26,18,4
1471,2015-08-15,12,22,35,40,4,26,2
1472,2015-08-22,20,38,26,8,3,1,1
1473,2015-08-29,34,3,31,37,17,39,4
1474,2015-09-05,35,40,1,11,31,19,6
1475,2015-09-12,19,16,34,35,17,24,1
1476,2015-09-19,27,14,15,39,1,33,3
1477,2015-09-26,26,34,18,23,22,1,5
1478,2015-10-03,22,38,17,1,26,23,8
1479,2015-10-07,14,28,23,7,3,31,10
1480,2015-10-10,30,16,28,27,23,12,3
1481,2015-10-14,26,15,9,30,19,21,5
1482,2015-10-17,24,12,6,34,1,26,3
1483,2015-10-21,23,12,13,2,16,31,5
1484,2015-10-24,31,34,20,12,39,7,5
1485,2015-10-28,14,28,23,15,33,24,7
1486,2015-10-31,9,24,37,20,4,26,8
1487,2015-11-04,14,18,38,37,10,17,2
1488,2015-11-07,13,39,19,21,16,14,4
1489,2015-11-11,35,23,12,21,8,29,6
1490,2015-11-14,40,5,10,15,9,3,2
1491,2015-11-18,22,18,19,17,20,40,7
1492,2015-11-21,6,31,19,40,35,15,3
1493,2015-11-25,24,27,12,36,25,39,7
1494,2015-11-28,17,19,27,13,7,29,4
1495,2015-12-02,27,18,14,5,15,21,8
1496,2015-12-05,15,12,2,23,25,9,8
1497,2015-12-09,38,11,13,23,34,30,4
1498,2015-12-12,25,16,27,33,23,1,6
1499,2015-12-16,19,4,18,14,5,21,4
1500,2015-12-19,31,13,17,14,18,20,1
1501,2015-12-23,23,28,2,1,7,13,6
1502,2015-12-26,36,4,16,7,27,38,7
1503,2015-12-30,24,19,40,27,11,36,2
1504,2016-01-02,5,32,24,30,22,1,8
1505,2016-01-06,28,40,13,29,9,27,4
1506,2016-01-09,3,8,37,31,30,21,8
1507,2016-01-13,35,28,3,15,39,22,3
1508,2016-01-16,5,34,26,38,40,33,2
1509,2016-01-20,17,12,34,4,28,24,10
1510,2016-01-23,25,17,7,14,2,16,10
1511,2016-01-27,11,7,6,32,13,34,1
1512,2016-01-30,10,21,29,28,37,14,5
1513,2016-02-03,10,15,14,5,18,11,7
1514,2016-02-06,36,37,34,30,8,28,4
1515,2016-02-10,18,17,13,19,11,12,5
1516,2016-02-13,8,17,7,9,35,3,9
1517,2016-02-17,3,10,24,33,30,20,9
1518,2016-02-20,31,22,5,33,11,20,6
1519,2016-02-24,2,17,19,29,5,20,5
1520,2016-02-27,22,33,30,15,18,14,1
1521,2016-03-02,35,26,5,11,22,21,9
1522,2016-03-05,17,1,8,5,29,35,1
1523,2016-03-09,16,18,15,17,9,28,4
1524,2016-03-12,15,25,12,9,21,7,2
1525,2016-03-16,9,39,37,18,8,23,5
1526,2016-03-19,7,1,38,12,24,5,1
1527,2016-03-23,6,12,31,16,18,37,7
1528,2016-03-26,35,36,12,9,18,14,2
1529,2016-03-30,27,12,22,13,24,23,10
1530,2016-04-02,28,10,7,13,31,21,3
1531,2016-04-06,28,7,40,27,22,36,10
1532,2016-04-09,22,5,9,35,30,1,1
1533,2016-04-13,36,17,29,15,4,14,7
1534,2016-04-16,4,28,35,19,3,20,4
1535,2016-04-20,3,9,12,21,2,26,8
1536,2016-04-23,21,26,30,37,19,24,7
1537,2016-04-27,12,32,15,29,20,1,8
1538,2016-04-30,20,11,36,22,31,23,1
1539,2016-05-04,19,40,13,26,3,39,4
1540,2016-05-07,25,13,19,32,12,38,4
1541,2016-05-11,27,15,9,40,32,22,2
1542,2016-05-14,18,40,3,13,6,34,1
1543,2016-05-18,30,14,23,25,38,20,2
1544,2016-05-21,8,37,11,26,27,24,8
1545,2016-05-25,40,13,19,32,30,29,2
1546,2016-05-28,32,33,6,29,9,40,1
1547,2016-06-01,12,7,14,32,18,31,9
1548,2016-06-04,33,35,20,7,32,19,4
1549,2016-06-08,40,16,39,24,32,21,1
1550,2016-06-11,17,2,1,18,16,7,7
1551,2016-06-15,8,24,28,30,36,32,6
1552,2016-06-18,34,17,33,23,2,36,5
1553,2016-06-22,37,10,9,13,14,25,6
1554,2016-06-25,19,24,15,25,29,21,4
1555,2016-06-29,1,32,31,25,6,7,6
1556,2016-07-02,5,28,20,13,6,39,3
1557,2016-07-06,29,30,1,6,14,12,9
1558,2016-07-09,29,27,37,18,33,3,7
1559,2016-07-13,22,32,14,4,17,16,2
1560,2016-07-16,24,26,30,8,10,40,8
1561,2016-07-20,6,38,25,39,15,34,2
1562,2016-07-23,25,21,33,9,6,5,1
1563,2016-07-27,30,3,7,20,18,22,6
1564,2016-07-30,27,29,4,26,15,8,2
1565,2016-08-03,35,10,33,15,29,28,2
1566,2016-08-06,34,18,10,8,23,28,5
1567,2016-08-10,36,11,5,14,31,4,1
1568,2016-08-13,21,23,26,24,40,22,2
1569,2016-08-17,3,10,6,2,26,14,7
1570,2016-08-20,27,36,19,29,28,11,10
1571,2016-08-24,17,38,14,15,39,32,3
1572,2016-08-27,15,9,6,25,7,4,9
1573,2016-08-31,37,21,28,33,31,16,7
1574,2016-09-03,34,25,24,18,32,27,4
1575,2016-09-07,39,7,32,22,36,29,5
1576,2016-09-10,11,18,5,10,15,38,1
1577,2016-09-14,3,14,40,18,23,8,2
1578,2016-09-17,40,6,22,25,34,16,4
1579,2016-09-21,17,11,31,34,10,21,10
1580,2016-09-24,39,14,27,17,32,11,4
1581,2016-09-28,38,15,3,27,5,37,4
1582,2016-10-01,16,7,11,26,30,23,1
1583,2016-10-05,24,36,12,37,11,30,7
1584,2016-10-08,19,29,2,23,28,22,10
1585,2016-10-12,12,14,11,5,1,15,7
1586,2016-10-15,8,15,20,35,29,39,5
1587,2016-10-19,30,21,28,20,18,9,6
1588,2016-10-22,20,21,35,19,17,26,7
1589,2016-10-26,29,4,3,11,28,6,7
1590,2016-10-29,22,19,30,23,15,36,9
1591,2016-11-02,29,25,9,36,2,13,6
1592,2016-11-05,24,16,3,40,11,38,7
1593,2016-11-09,3,21,22,1,30,29,6
1594,2016-11-12,27,33,38,32,13,4,2
1595,2016-11-16,32,7,4,11,17,37,3
1596,2016-11-19,28,20,10,23,13,17,7
1597,2016-11-23,6,2,1,30,40,7,10
1598,2016-11-26,17,29,36,31,23,19,9
1599,2016-11-30,37,33,26,11,29,32,1
1600,2016-12-03,15,6,37,10,28,5,9
1601,2016-12-07,10,12,24,26,34,19,10
1602,2016-12-10,19,14,33,24,35,36,9
1603,2016-12-14,24,12,10,40,29,21,1
1604,2016-12-17,2,26,12,22,31,24,5
1605,2016-12-21,32,5,1,26,13,30,5
1606,2016-12-24,9,6,25,26,3,28,4
1607,2016-12-28,36,17,19,35,28,22,6
1608,2016-12-31,6,11,8,34,16,21,9
1609,2017-01-04,27,26,16,25,4,13,1
1610,2017-01-07,8,30,23,38,16,37,6
1611,2017-01-11,29,22,13,32,40,9,5
1612,2017-01-14,38,31,32,1,11,2,5
1613,2017-01-18,14,25,31,8,21,13,4
1614,2017-01-21,13,20,3,34,30,7,3
1615,2017-01-25,14,34,22,36,1,27,3
1616,2017-01-28,17,6,19,8,9,10,4
1617,2017-02-01,13,31,25,35,2,18,8
1618,2017-02-04,17,2,16,39,38,3,2
1619,2017-02-08,40,25,4,39,35,6,5
1620,2017-02-11,11,15,35,23,17,30,10
1621,2017-02-15,32,3,29,28,5,36,1
1622,2017-02-18,35,14,24,28,10,6,7
1623,2017-02-22,34,6,30,14,36,19,3
1624,2017-02-25,34,25,39,37,27,33,4
1625,2017-03-01,1,21,11,18,38,22,10
1626,2017-03-04,14,35,1,25,7,38,9
1627,2017-03-08,13,3,5,36,2,4,5
1628,2017-03-11,36,12,32,11,9,22,9
1629,2017-03-15,1,32,5,40,38,23,2
1630,2017-03-18,28,17,33,23,10,27,6
1631,2017-03-22,11,37,28,2,29,24,4
1632,2017-03-25,37,4,9,24,38,10,8
1633,2017-03-29,15,35,4,28,9,38,9
1634,2017-04-01,22,25,20,2,19,33,8
1635,2017-04-05,2,26,36,11,1,9,10
1636,2017-04-08,23,32,20,35,30,39,10
1637,2017-04-12,13,2,27,23,26,32,3
1638,2017-04-15,15,14,27,29,24,2,8
1639,2017-04-19,34,28,2,26,11,1,9
1640,2017-04-22,16,33,36,26,1,9,2
1641,2017-04-26,12,38,17,16,25,39,6
1642,2017-04-29,19,32,30,36,1,25,9
1643,2017-05-03,36,24,19,10,11,16,3
1644,2017-05-06,26,5,23,34,4,11,2
1645,2017-05-10,15,4,3,9,33,1,6
1646,2017-05-13,31,7,3,2,37,26,5
1647,2017-05-17,12,9,28,10,30,11,8
1648,2017-05-20,6,1,31,14,20,16,2
1649,2017-05-24,20,9,32,19,38,17,4
1650,2017-05-27,9,8,3,36,28,2,10
1651,2017-05-31,2,36,9,1,5,12,6
1652,2017-06-03,23,13,29,31,14,18,1
1653,2017-06-07,39,9,7,16,24,26,1
1654,2017-06-10,7,1,31,9,35,37,9
1655,2017-06-14,3,6,13,40,36,7,6
1656,2017-06-17,37,5,3,7,6,33,9
1657,2017-06-21,36,29,17,32,3,40,9
1658,2017-06-24,25,11,29,34,39,40,8
1659,2017-06-28,1,10,18,27,40,26,5
1660,2017-07-01,21,35,12,10,8,4,5
1661,2017-07-05,19,27,11,9,31,39,6
1662,2017-07-08,10,13,30,23,9,25,9
1663,2017-07-12,18,26,5,21,30,32,9
1664,2017-07-15,37,17,40,18,21,34,1
1665,2017-07-19,26,36,35,14,13,34,3
1666,2017-07-22,13,35,36,2,19,25,5
1667,2017-07-26,4,5,40,12,34,21,9
1668,2017-07-29,40,13,10,33,24,29,9
1669,2017-08-02,26,6,28,8,2,1,3
1670,2017-08-05,31,16,35,22,29,30,10
1671,2017-08-09,32,12,4,19,7,37,9
1672,2017-08-12,30,23,21,2,14,31,9
1673,2017-08-16,10,23,14,18,8,32,10
1674,2017-08-19,17,4,22,32,28,27,8
1675,2017-08-23,10,26,39,25,4,7,4
1676,2017-08-26,33,29,11,35,6,4,8
1677,2017-08-30,17,16,14,27,12,9,6
1678,2017-09-02,20,22,10,30,21,37,4
1679,2017-09-06,3,27,30,25,7,28,9
1680,2017-09-09,23,10,29,13,16,36,9
1681,2017-09-13,19,35,10,21,18,25,7
1682,2017-09-16,37,3,24,20,9,15,1
1683,2017-09-20,20,35,10,33,36,16,9
1684,2017-09-23,31,6,7,35,15,19,4
1685,2017-09-27,27,15,22,34,12,1,5
1686,2017-09-30,32,24,4,34,25,16,2
1687,2017-10-04,5,33,3,37,21,2,4
1688,2017-10-07,23,35,1,20,25,12,1
1689,2017-10-11,4,29,33,24,35,15,2
1690,2017-10-14,4,38,7,31,11,3,5
1691,2017-10-18,11,14,15,22,13,32,7
1692,2017-10-21,13,15,22,5,29,24,8
1693,2017-10-25,22,19,3,25,1,23,8
1694,2017-10-28,37,10,12,23,1,9,5
1695,2017-11-01,3,29,39,17,19,23,1
1696,2017-11-04,5,28,12,25,3,40,10
1697,2017-11-08,27,15,13,25,8,17,5
1698,2017-11-11,18,39,14,3,26,38,9
1699,2017-11-15,7,32,2,26,16,33,5
1700,2017-11-18,31,28,36,11,20,12,2
1701,2017-11-22,12,8,5,36,28,18,5
1702,2017-11-25,25,34,37,24,7,22,7
1703,2017-11-29,5,24,9,17,14,31,2
1704,2017-12-02,23,14,2,21,15,32,4
1705,2017-12-06,3,7,21,19,40,16,5
1706,2017-12-09,4,8,16,22,15,5,3
1707,2017-12-13,6,39,37,11,10,34,7
1708,2017-12-16,23,28,30,19,33,11,3
1709,2017-12-20,17,12,14,3,1,33,2
1710,2017-12-23,17,29,38,25,19,15,4
1711,2017-12-27,22,28,16,30,15,3,4
1712,2017-12-30,12,32,1,21,3,20,5
1713,2018-01-03,21,35,20,8,34,38,3
1714,2018-01-06,19,40,13,33,10,15,1
1715,2018-01-10,8,1,16,2,4,26,10
1716,2018-01-13,37,33,11,39,29,18,10
1717,2018-01-17,19,3,18,23,22,15,2
1718,2018-01-20,20,17,26,1,39,12,1
1719,2018-01-24,28,1,24,25,20,16,6
1720,2018-01-27,37,29,8,6,23,26,7
1721,2018-01-31,16,11,39,31,5,10,5
1722,2018-02-03,29,11,38,2,30,15,7
1723,2018-02-07,25,11,29,39,17,34,5
1724,2018-02-10,5,33,2,4,30,22,7
1725,2018-02-14,14,35,23,26,36,37,6
1726,2018-02-17,30,35,29,37,31,36,5
1727,2018-02-21,9,31,17,3,25,11,3
1728,2018-02-24,19,2,32,40,16,25,2
1729,2018-02-28,10,40,18,20,16,3,2
1730,2018-03-03,2,19,34,35,38,12,9
1731,2018-03-07,25,3,34,29,23,15,6
1732,2018-03-10,40,34,1,37,12,14,10
1733,2018-03-14,20,18,28,19,17,24,3
1734,2018-03-17,24,19,15,25,40,16,4
1735,2018-03-21,35,13,38,29,14,9,1
1736,2018-03-24,15,37,22,18,21,12,5
1737,2018-03-28,36,1,34,37,12,28,7
1738,2018-03-31,11,6,16,4,23,2,9
1739,2018-04-04,22,38,1,15,14,13,3
1740,2018-04-07,1,10,19,13,17,23,3
1741,2018-04-11,21,34,33,7,16,40,4
1742,2018-04-14,21,3,34,35,25,14,10
1743,2018-04-18,1,35,20,19,24,39,6
1744,2018-04-21,2,9,15,27,32,10,3
1745,2018-04-25,36,7,15,23,27,3,3
1746,2018-04-28,16,40,36,5,11,4,4
1747,2018-05-02,25,28,8,2,29,7,7
1748,2018-05-05,6,11,20,40,34,16,9
1749,2018-05-09,25,21,40,19,23,20,6
1750,2018-05-12,12,10,4,40,38,33,1
1751,2018-05-16,14,16,29,28,13,1,2
1752,2018-05-19,6,31,25,13,3,37,5
1753,2018-05-23,38,21,39,1,14,23,5
1754,2018-05-26,13,36,2,37,18,17,9
1755,2018-05-30,22,29,18,34,28,14,10
1756,2018-06-02,14,29,8,12,7,5,7
1757,2018-06-06,31,16,23,9,25,32,7
1758,2018-06-09,20,9,4,3,2,24,9
1759,2018-06-13,10,36,12,37,9,18,4
1760,2018-06-16,17,8,22,7,14,34,10
1761,2018-06-20,27,1,6,26,33,4,9
1762,2018-06-23,4,39,17,30,15,18,4
1763,2018-06-27,22,2,34,19,24,27,2
1764,2018-06-30,23,29,12,16,39,31,1
1765,2018-07-04,21,13,38,6,30,35,2
1766,2018-07-07,29,10,30,15,33,18,9
1767,2018-07-11,22,23,18,20,35,15,6
1768,2018-07-14,14,17,5,18,33,19,9
1769,2018-07-18,33,13,5,24,39,2,6
1770,2018-07-21,1,12,34,8,10,31,6
1771,2018-07-25,35,19,18,10,16,28,9
1772,2018-07-28,14,4,21,17,23,10,1
1773,2018-08-01,5,21,31,22,34,4,8
1774,2018-08-04,16,22,37,5,32,29,10
1775,2018-08-08,37,14,25,18,20,17,5
1776,2018-08-11,19,25,38,3,30,32,2
1777,2018-08-15,35,18,12,33,4,27,8
1778,2018-08-18,27,9,13,7,38,23,3
1779,2018-08-22,28,2,25,5,15,10,7
1780,2018-08-25,13,4,9,15,8,3,6
1781,2018-08-29,12,8,21,2,7,32,7
1782,2018-09-01,34,18,36,21,1,8,10
1783,2018-09-05,35,4,12,30,13,33,6
1784,2018-09-08,29,22,35,18,20,24,2
1785,2018-09-12,1,3,8,11,19,36,7
1786,2018-09-15,17,8,15,7,2,12,2
1787,2018-09-19,3,13,7,11,9,5,7
1788,2018-09-22,25,38,36,22,3,35,2
1789,2018-09-26,32,22,36,26,40,23,1
1790,2018-09-29,24,29,32,15,19,35,4
1791,2018-10-03,39,1,28,16,32,40,2
1792,2018-10-06,39,13,8,24,29,26,2
1793,2018-10-10,13,4,37,12,9,2,9
1794,2018-10-13,5,26,34,9,1,4,5
1795,2018-10-17,26,17,10,5,33,21,7
1796,2018-10-20,28,26,12,4,35,32,1
1797,2018-10-24,24,37,33,19,9,39,8
1798,2018-10-27,17,15,34,18,10,12,2
1799,2018-10-31,14,11,15,10,32,16,8
1800,2018-11-03,36,7,23,22,1,29,2
1801,2018-11-07,15,1,22,40,39,12,10
1802,2018-11-10,10,4,9,27,30,20,6
1803,2018-11-14,8,6,20,31,24,27,4
1804,2018-11-17,14,25,34,3,27,30,7
1805,2018-11-21,8,25,7,22,40,32,5
1806,2018-11-24,24,22,8,21,34,25,5
1807,2018-11-28,19,30,38,20,18,31,7
1808,2018-12-01,34,30,6,39,25,26,3
1809,2018-12-05,23,5,18,1,24,25,9
1810,2018-12-08,2,16,18,12,38,8,10
1811,2018-12-12,37,3,29,20,32,30,3
1812,2018-12-15,7,29,22,18,40,5,6
1813,2018-12-19,23,37,2,30,14,22,2
1814,2018-12-22,25,15,10,31,28,27,3
1815,2018-12-26,40,29,24,3,32,30,1
1816,2018-12-29,33,15,11,2,35,10,8
1817,2019-01-02,22,31,15,39,11,35,3
1818,2019-01-05,4,23,34,24,2,20,2
1819,2019-01-09,4,40,11,23,6,12,6
1820,2019-01-12,24,18,4,40,19,6,6
1821,2019-01-16,3,8,35,30,21,22,1
1822,2019-01-19,24,33,1,17,32,12,5
1823,2019-01-23,11,40,10,3,31,13,7
1824,2019-01-26,35,19,31,27,37,13,6
1825,2019-01-30,40,25,2,38,17,22,9
1826,2019-02-02,29,33,17,9,19,20,2
1827,2019-02-06,6,15,14,26,8,31,10
1828,2019-02-09,4,25,26,1,37,24,7
1829,2019-02-13,2,31,26,27,5,6,2
1830,2019-02-16,36,1,35,2,40,27,4
1831,2019-02-20,7,28,23,22,20,1,4
1832,2019-02-23,31,13,33,36,40,38,9
1833,2019-02-27,31,36,1,32,9,38,1
1834,2019-03-02,9,12,19,14,8,15,1
1835,2019-03-06,21,7,16,32,4,36,4
1836,2019-03-09,32,28,20,34,7,25,8
1837,2019-03-13,8,23,39,14,31,7,6
1838,2019-03-16,21,11,3,37,32,18,5
1839,2019-03-20,33,10,23,30,21,12,7
1840,2019-03-23,24,27,10,21,36,23,3
1841,2019-03-27,10,7,5,13,17,37,5
1842,2019-03-30,2,21,18,13,9,3,1
1843,2019-04-03,30,7,35,12,38,10,6
1844,2019-04-06,10,11,22,28,14,40,8
1845,2019-04-10,40,32,33,22,31,17,5
1846,2019-04-13,18,26,28,10,1,8,2
1847,2019-04-17,34,35,9,21,27,18,10
1848,2019-04-20,32,1,39,10,21,37,2
1849,2019-04-24,35,19,20,38,16,31,1
1850,2019-04-27,8,24,4,37,22,29,2
1851,2019-05-01,38,32,7,17,37,16,2
1852,2019-05-04,37,4,29,27,36,34,8
1853,2019-05-08,7,19,11,8,9,28,3
1854,2019-05-11,3,39,20,16,2,19,3
1855,2019-05-15,14,13,5,21,37,27,6
1856,2019-05-18,25,9,24,20,10,12,1
1857,2019-05-22,16,3,12,28,14,2,7
1858,2019-05-25,30,10,23,37,2,35,4
1859,2019-05-29,30,10,20,40,8,26,2
1860,2019-06-01,19,1,22,33,30,37,6
1861,2019-06-05,27,28,17,39,26,5,1
1862,2019-06-08,10,36,6,27,22,25,10
1863,2019-06-12,7,39,2,8,6,23,2
1864,2019-06-15,35,27,6,28,25,15,5
1865,2019-06-19,4,30,19,11,33,31,5
1866,2019-06-22,37,26,14,10,7,12,8
1867,2019-06-26,32,29,39,38,15,30,2
1868,2019-06-29,37,20,18,10,19,7,7
1869,2019-07-03,31,38,39,1,15,22,4
1870,2019-07-06,31,33,5,37,17,2,5
1871,2019-07-10,28,33,35,5,12,38,7
1872,2019-07-13,36,7,16,10,28,33,4
1873,2019-07-17,16,10,1,18,26,27,8
1874,2019-07-20,5,13,22,24,4,28,6
1875,2019-07-24,6,27,25,32,23,22,6
1876,2019-07-27,1,4,19,17,6,21,5
1877,2019-07-31,25,40,4,16,10,22,2
1878,2019-08-03,7,30,34,31,39,17,9
1879,2019-08-07,24,40,25,3,7,11,6
1880,2019-08-10,23,8,34,31,12,17,8
1881,2019-08-14,15,40,23,31,35,19,2
1882,2019-08-17,1,32,12,29,10,6,2
1883,2019-08-21,8,15,23,21,17,6,2
1884,2019-08-24,35,17,2,4,6,22,8
1885,2019-08-28,25,15,24,4,23,19,3
1886,2019-08-31,30,5,2,24,37,4,9
1887,2019-09-04,22,30,39,4,6,20,3
1888,2019-09-07,20,1,38,29,31,7,2
1889,2019-09-11,32,8,38,13,7,24,9
1890,2019-09-14,34,13,26,15,6,22,4
1891,2019-09-18,21,26,11,36,19,7,10
1892,2019-09-21,14,23,32,19,7,34,3
1893,2019-09-25,21,31,15,22,5,3,3
1894,2019-09-28,37,15,39,5,13,36,2
1895,2019-10-02,6,22,4,32,3,25,1
1896,2019-10-05,16,33,20,8,36,9,5
1897,2019-10-09,29,15,5,27,38,22,3
1898,2019-10-12,30,23,40,25,27,19,1
1899,2019-10-16,22,29,14,7,17,5,2
1900,2019-10-19,35,38,6,12,21,28,6
1901,2019-10-23,26,39,20,2,3,24,7
1902,2019-10-26,12,24,16,8,19,20,10
1903,2019-10-30,10,39,5,11,36,7,4
1904,2019-11-02,27,23,16,35,21,13,10
1905,2019-11-06,9,10,19,1,7,15,2
1906,2019-11-09,7,6,37,11,23,29,6
1907,2019-11-13,22,17,2,9,10,31,6
1908,2019-11-16,39,32,19,33,18,13,6
1909,2019-11-20,2,11,1,17,35,30,10
1910,2019-11-23,16,17,20,22,29,28,5
1911,2019-11-27,28,1,9,26,4,22,7
1912,2019-11-30,12,26,39,33,18,35,5
1913,2019-12-04,1,16,30,15,22,8,8
1914,2019-12-07,6,26,27,25,23,9,8
1915,2019-12-11,7,11,16,39,2,28,7
1916,2019-12-14,23,19,21,34,39,35,5
1917,2019-12-18,32,6,24,19,34,21,2
1918,2019-12-21,9,14,34,7,20,18,5
1919,2019-12-25,35,16,13,15,6,38,3
1920,2019-12-28,10,28,24,16,6,34,2
1921,2020-01-01,23,38,33,14,40,34,8
1922,2020-01-04,12,6,17,24,7,33,2
1923,2020-01-08,23,2,25,4,6,24,6
1924,2020-01-11,9,16,40,33,13,26,3
1925,2020-01-15,35,4,6,29,21,32,7
1926,2020-01-18,1,20,24,34,5,37,2
1927,2020-01-22,29,35,14,1,36,39,5
1928,2020-01-25,34,10,11,24,28,19,9
1929,2020-01-29,26,10,28,27,31,21,6
1930,2020-02-01,30,20,22,24,32,16,7
1931,2020-02-05,31,15,3,40,6,2,1
1932,2020-02-08,24,14,13,15,12,38,10
1933,2020-02-12,2,11,25,21,32,20,3
1934,2020-02-15,31,10,4,17,29,2,1
1935,2020-02-19,25,35,12,31,24,16,9
1936,2020-02-22,22,8,36,39,15,40,10
1937,2020-02-26,30,8,2,33,21,3,6
1938,2020-02-29,4,18,27,25,32,28,3
1939,2020-03-04,30,39,36,5,14,40,10
1940,2020-03-07,26,39,20,7,14,23,2
1941,2020-03-11,22,29,21,13,40,8,1
1942,2020-03-14,36,25,9,23,13,22,2
1943,2020-03-18,36,12,18,2,28,20,10
1944,2020-03-21,9,18,16,20,28,19,5
1945,2020-03-25,17,8,27,7,10,21,7
1946,2020-03-28,3,2,39,19,35,37,10
1947,2020-04-01,35,28,21,25,8,32,3
1948,2020-04-04,20,10,6,11,13,30,2
1949,2020-04-08,25,5,20,11,26,40,2
1950,2020-04-11,28,8,25,23,27,17,3
1951,2020-04-15,22,26,29,3,15,17,5
1952,2020-04-18,4,19,11,1,6,8,1
1953,2020-04-22,8,16,33,5,31,7,8
1954,2020-04-25,12,22,5,38,19,25,8
1955,2020-04-29,16,24,11,33,23,29,3
1956,2020-05-02,38,6,7,9,24,22,4
1957,2020-05-06,9,12,36,23,1,39,6
1958,2020-05-09,38,29,22,27,15,7,10
1959,2020-05-13,20,5,6,18,29,33,9
1960,2020-05-16,20,31,15,10,26,34,1
1961,2020-05-20,36,32,8,39,19,38,2
1962,2020-05-23,28,32,12,14,35,10,8
1963,2020-05-27,9,34,31,1,20,29,1
1964,2020-05-30,12,2,4,28,15,13,10
1965,2020-06-03,29,40,35,2,30,33,5
1966,2020-06-06,25,10,12,39,11,6,6
1967,2020-06-10,17,15,22,11,6,12,8
1968,2020-06-13,18,8,17,2,29,27,3
1969,2020-06-17,35,2,24,38,32,36,6
1970,2020-06-20,2,11,10,29,35,3,8
1971,2020-06-24,35,39,29,40,4,34,5
1972,2020-06-27,31,29,4,35,8,20,4
1973,2020-07-01,1,35,25,22,15,39,4
1974,2020-07-04,7,2,30,6,25,23,5
1975,2020-07-08,14,31,32,37,24,15,5
1976,2020-07-11,40,18,8,29,16,21,8
1977,2020-07-15,16,10,11,29,19,34,4
1978,2020-07-18,9,1,23,10,22,16,10
1979,2020-07-22,30,40,20,18,4,10,7
1980,2020-07-25,11,38,40,28,10,12,3
1981,2020-07-29,40,36,28,37,6,21,8
1982,2020-08-01,22,24,34,16,31,7,2
1983,2020-08-05,22,20,5,9,19,24,4
1984,2020-08-08,11,23,28,4,16,7,5
1985,2020-08-12,16,10,25,32,29,34,4
1986,2020-08-15,8,23,27,21,12,22,1
1987,2020-08-19,30,13,26,37,31,25,9
1988,2020-08-22,36,39,24,20,37,26,4
1989,2020-08-26,13,15,7,32,40,18,8
1990,2020-08-29,37,8,19,23,14,20,6
1991,2020-09-02,19,8,17,20,27,15,9
1992,2020-09-05,30,24,14,18,5,10,5
1993,2020-09-09,36,1,21,15,24,5,5
1994,2020-09-12,17,35,1,32,3,23,1
1995,2020-09-16,37,11,17,29,18,25,8
1996,2020-09-19,26,6,34,40,17,7,4
1997,2020-09-23,1,24,18,4,11,17,2
1998,2020-09-26,1,11,37,9,3,23,3
1999,2020-09-30,12,39,16,25,35,29,1
2000,2020-10-03,30,39,2,32,9,23,7
2001,2020-10-07,40,23,39,29,19,6,8
2002,2020-10-10,33,32,20,5,1,31,7
2003,2020-10-14,34,5,1,31,21,16,4
2004,2020-10-17,23,40,19,20,14,22,7
2005,2020-10-21,26,6,1,38,18,40,9
2006,2020-10-24,13,19,12,36,22,11,6
2007,2020-10-28,12,35,28,37,17,40,1
2008,2020-10-31,26,22,3,39,28,19,4
2009,2020-11-04,21,12,5,22,39,25,5
2010,2020-11-07,16,20,24,31,14,1,4
2011,2020-11-11,17,4,35,3,13,26,4
2012,2020-11-14,26,23,39,10,40,29,6
2013,2020-11-18,21,23,30,27,38,24,8
2014,2020-11-21,36,19,7,5,15,6,8
2015,2020-11-25,35,3,29,14,2,30,9
2016,2020-11-28,22,3,13,27,10,37,1
2017,2020-12-02,4,30,40,2,6,25,8
2018,2020-12-05,10,1,15,4,14,20,7
2019,2020-12-09,17,29,34,22,20,27,9
2020,2020-12-12,18,9,5,35,1,21,3
2021,2020-12-16,26,10,17,2,19,12,3
2022,2020-12-19,40,5,37,31,16,39,8
2023,2020-12-23,38,27,26,34,25,19,8
2024,2020-12-26,38,7,21,1,11,16,5
2025,2020-12-30,26,5,2,9,28,24,10
2026,2021-01-02,29,20,4,15,36,39,8
2027,2021-01-06,18,16,32,1,6,23,5
2028,2021-01-09,30,17,14,11,28,34,9
2029,2021-01-13,37,25,17,35,38,26,4
2030,2021-01-16,2,18,19,17,30,13,3
2031,2021-01-20,38,6,9,11,5,17,7
2032,2021-01-23,6,40,30,20,4,16,8
2033,2021-01-27,15,29,10,23,17,28,9
2034,2021-01-30,1,29,18,11,34,20,4
2035,2021-02-03,32,24,1,26,19,37,7
2036,2021-02-06,3,10,11,2,38,8,5
2037,2021-02-10,20,8,19,40,26,24,4
2038,2021-02-13,1,18,20,16,8,27,9
2039,2021-02-17,16,26,15,31,33,25,1
2040,2021-02-20,19,30,10,16,29,7,8
2041,2021-02-24,31,26,36,24,38,7,5
2042,2021-02-27,38,23,40,32,26,15,3
2043,2021-03-03,22,9,39,3,20,26,9
2044,2021-03-06,18,11,35,17,1,6,9
2045,2021-03-10,17,22,6,3,11,15,10
2046,2021-03-13,1,26,19,22,11,7,2
2047,2021-03-17,4,3,20,33,10,15,4
2048,2021-03-20,23,11,40,17,31,1,5
2049,2021-03-24,27,17,13,20,2,33,8
2050,2021-03-27,25,6,32,33,31,34,6
2051,2021-03-31,33,35,34,9,10,11,10
2052,2021-04-03,21,8,16,34,15,25,8
2053,2021-04-07,15,29,22,10,31,6,2
2054,2021-04-10,24,28,35,23,30,6,10
2055,2021-04-14,21,1,9,16,23,12,5
2056,2021-04-17,24,1,35,22,8,40,5
2057,2021-04-21,1,23,38,37,18,33,7
2058,2021-04-24,4,26,21,36,31,5,2
2059,2021-04-28,35,18,40,6,7,23,10
2060,2021-05-01,7,33,25,30,20,31,6
2061,2021-05-05,26,9,2,21,25,38,4
2062,2021-05-08,26,6,35,29,34,17,10
2063,2021-05-12,35,2,29,32,3,26,3
2064,2021-05-15,31,17,6,8,25,26,7
2065,2021-05-19,22,11,16,34,30,1,9
2066,2021-05-22,39,21,36,19,23,38,9
2067,2021-05-26,31,7,39,13,16,30,9
2068,2021-05-29,2,35,38,10,16,31,5
2069,2021-06-02,14,10,37,4,3,38,5
2070,2021-06-05,29,19,17,26,32,39,2
2071,2021-06-09,35,3,21,29,6,18,1
2072,2021-06-12,12,18,4,15,36,24,9
2073,2021-06-16,22,35,17,39,26,25,6
2074,2021-06-19,31,12,23,30,13,27,7
2075,2021-06-23,18,8,38,27,26,17,1
2076,2021-06-26,26,1,11,32,2,6,3
2077,2021-06-30,9,22,13,1,35,8,6
2078,2021-07-03,12,40,4,21,5,22,2
2079,2021-07-07,30,8,3,14,15,31,3
2080,2021-07-10,25,26,14,22,19,7,9
2081,2021-07-14,13,19,21,6,38,12,8
2082,2021-07-17,36,32,3,11,8,5,3
2083,2021-07-21,29,28,5,38,7,33,3
2084,2021-07-24,7,9,24,35,14,10,8
2085,2021-07-28,8,9,30,10,20,6,9
2086,2021-07-31,34,8,40,29,6,23,3
2087,2021-08-04,30,13,28,34,39,26,3
2088,2021-08-07,13,27,14,9,17,11,5
2089,2021-08-11,10,7,18,25,29,3,1
2090,2021-08-14,29,23,38,35,10,24,1
2091,2021-08-18,40,18,32,1,5,23,6
2092,2021-08-21,24,23,4,18,14,12,7
2093,2021-08-25,29,11,38,34,33,12,3
2094,2021-08-28,22,6,26,29,28,39,4
2095,2021-09-01,18,30,27,10,25,2,1
2096,2021-09-04,12,33,26,35,10,8,7
2097,2021-09-08,35,33,27,37,3,36,3
2098,2021-09-11,14,17,35,23,4,21,7
2099,2021-09-15,24,22,14,19,28,37,9
2100,2021-09-18,32,15,6,18,21,19,1
2101,2021-09-22,28,23,8,21,11,34,3
2102,2021-09-25,23,40,16,5,33,19,1
2103,2021-09-29,40,38,12,33,23,25,9
2104,2021-10-02,10,14,8,9,23,38,2
2105,2021-10-06,22,35,37,32,21,9,5
2106,2021-10-09,28,5,1,33,13,37,10
2107,2021-10-13,30,39,21,5,19,28,10
2108,2021-10-16,28,7,40,32,2,19,1
2109,2021-10-20,4,19,3,31,2,7,9
2110,2021-10-23,32,13,21,26,18,12,10
2111,2021-10-27,28,36,27,31,32,38,9
2112,2021-10-30,5,8,7,17,40,21,8
2113,2021-11-03,17,10,35,25,33,15,5
2114,2021-11-06,26,18,37,5,20,31,4
2115,2021-11-10,21,9,18,12,40,37,7
2116,2021-11-13,30,6,18,25,16,39,5
2117,2021-11-17,34,30,6,39,10,7,9
2118,2021-11-20,24,2,3,17,28,4,3
2119,2021-11-24,20,4,2,13,6,36,5
2120,2021-11-27,31,20,8,26,37,17,4
2121,2021-12-01,11,10,31,15,6,28,5
2122,2021-12-04,2,29,21,39,24,9,7
2123,2021-12-08,32,12,28,10,36,5,4
2124,2021-12-11,34,15,20,36,24,31,1
2125,2021-12-15,27,29,19,4,23,9,5
2126,2021-12-18,6,13,3,14,4,17,7
2127,2021-12-22,29,35,18,12,17,36,1
2128,2021-12-25,5,1,3,38,11,12,8
2129,2021-12-29,39,5,7,13,12,40,1
2130,2022-01-01,23,3,20,19,6,29,9
2131,2022-01-05,17,32,38,9,15,37,5
2132,2022-01-08,24,38,23,16,15,14,8
2133,2022-01-12,8,24,20,25,32,13,4
2134,2022-01-15,17,30,21,13,20,34,5
2135,2022-01-19,11,23,13,2,32,4,7
2136,2022-01-22,11,25,2,13,27,4,5
2137,2022-01-26,38,25,6,34,15,36,8
2138,2022-01-29,25,19,36,12,29,16,3
2139,2022-02-02,9,29,25,39,16,32,7
2140,2022-02-05,33,5,11,12,39,22,9
2141,2022-02-09,34,22,3,35,12,31,2
2142,2022-02-12,15,33,11,8,27,32,2
2143,2022-02-16,5,40,38,7,34,33,8
2144,2022-02-19,29,24,6,17,32,14,5
2145,2022-02-23,10,27,30,17,12,29,1
2146,2022-02-26,1,21,20,27,36,26,7
2147,2022-03-02,3,32,38,16,6,23,8
2148,2022-03-05,25,27,12,18,6,5,3
2149,2022-03-09,5,39,15,16,28,13,3
2150,2022-03-12,5,28,26,22,23,34,5
2151,2022-03-16,15,14,4,35,11,24,6
2152,2022-03-19,30,17,40,23,31,20,9
2153,2022-03-23,23,16,24,1,5,39,10
2154,2022-03-26,25,23,5,11,20,2,4
2155,2022-03-30,15,5,22,4,40,6,1
2156,2022-04-02,30,17,9,2,38,18,8
2157,2022-04-06,27,10,37,7,38,31,6
2158,2022-04-09,36,35,28,13,4,27,7
2159,2022-04-13,4,39,32,40,5,31,10
2160,2022-04-16,23,22,4,30,21,37,10
2161,2022-04-20,19,34,3,17,4,15,5
2162,2022-04-23,3,32,23,19,13,30,5
2163,2022-04-27,12,19,16,37,24,25,5
2164,2022-04-30,38,15,29,22,2,6,8
2165,2022-05-04,19,21,28,5,26,31,5
2166,2022-05-07,14,31,39,16,24,5,8
2167,2022-05-11,28,22,25,37,33,21,1
2168,2022-05-14,35,3,18,7,5,31,6
2169,2022-05-18,1,37,29,23,31,7,4
2170,2022-05-21,12,19,39,28,15,40,4
2171,2022-05-25,1,20,14,33,29,3,7
2172,2022-05-28,13,26,30,31,10,17,7
2173,2022-06-01,2,35,5,9,25,6,2
2174,2022-06-04,10,30,31,5,36,19,7
2175,2022-06-08,32,11,10,19,17,36,9
2176,2022-06-11,3,4,24,5,40,21,6
2177,2022-06-15,21,25,9,12,22,35,2
2178,2022-06-18,13,6,33,38,17,15,4
2179,2022-06-22,5,2,29,9,22,34,7
2180,2022-06-25,33,39,4,37,20,40,2
2181,2022-06-29,25,27,28,29,10,7,3
2182,2022-07-02,7,23,26,4,33,27,1
2183,2022-07-06,31,38,24,35,28,10,1
2184,2022-07-09,32,38,23,22,24,2,1
2185,2022-07-13,15,9,40,3,6,2,3
2186,2022-07-16,31,3,18,34,16,30,8
2187,2022-07-20,28,5,24,22,25,19,10
2188,2022-07-23,11,7,1,8,33,26,5
2189,2022-07-27,15,32,19,13,28,20,2
2190,2022-07-30,12,16,6,24,23,36,10
2191,2022-08-03,7,25,2,28,27,35,7
2192,2022-08-06,13,38,37,29,21,39,10
2193,2022-08-10,20,2,29,1,32,33,5
2194,2022-08-13,30,19,24,36,28,23,6
2195,2022-08-17,32,27,11,20,5,1,1
2196,2022-08-20,13,6,28,31,33,38,1
2197,2022-08-24,30,18,24,34,29,6,1
2198,2022-08-27,21,35,12,30,32,39,6
2199,2022-08-31,8,24,14,13,31,33,4
2200,2022-09-03,39,16,19,12,38,24,1
2201,2022-09-07,19,12,38,21,26,5,9
2202,2022-09-10,17,2,10,33,14,21,2
2203,2022-09-14,31,4,18,34,27,5,8
2204,2022-09-17,38,9,3,37,34,12,2
2205,2022-09-21,28,8,27,24,13,35,3
2206,2022-09-24,25,27,15,7,26,23,10
2207,2022-09-28,37,31,3,1,20,6,8
2208,2022-10-01,29,31,4,32,33,16,9
2209,2022-10-05,16,2,34,8,9,25,10
2210,2022-10-08,31,12,25,4,10,40,1
2211,2022-10-12,37,22,15,39,9,27,1
2212,2022-10-15,33,2,15,10,4,8,10
2213,2022-10-19,25,30,17,12,32,10,6
2214,2022-10-22,6,15,34,29,9,33,6
2215,2022-10-26,21,7,29,15,39,22,2
2216,2022-10-29,17,33,20,32,26,39,6
2217,2022-11-02,24,22,28,31,20,12,1
2218,2022-11-05,18,27,22,17,12,25,3
2219,2022-11-09,24,11,26,32,20,10,8
2220,2022-11-12,40,22,26,25,13,37,7
2221,2022-11-16,24,2,40,34,23,13,4
2222,2022-11-19,12,23,4,26,27,6,9
2223,2022-11-23,29,16,39,15,20,14,7
2224,2022-11-26,5,31,38,3,27,29,5
2225,2022-11-30,21,8,12,28,10,4,8
2226,2022-12-03,21,33,9,12,19,1,10
2227,2022-12-07,13,8,23,40,25,9,7
2228,2022-12-10,5,36,19,24,7,9,1
2229,2022-12-14,9,31,26,33,32,22,8
2230,2022-12-17,21,24,8,10,20,33,10
2231,2022-12-21,37,14,26,34,18,7,1
2232,2022-12-24,30,4,3,2,31,19,5
2233,2022-12-28,33,1,37,27,3,11,7
2234,2022-12-31,36,23,19,33,13,34,8
2235,2023-01-04,9,23,13,25,16,5,1
2236,2023-01-07,1,7,15,24,30,3,9
2237,2023-01-11,18,22,24,33,9,10,8
2238,2023-01-14,20,5,38,28,29,32,9
2239,2023-01-18,28,35,4,7,1,23,7
2240,2023-01-21,37,35,28,4,40,19,7
2241,2023-01-25,11,30,24,12,5,18,7
2242,2023-01-28,27,16,17,13,28,22,8
2243,2023-02-01,11,31,39,3,1,9,2
2244,2023-02-04,19,21,13,40,11,36,5
2245,2023-02-08,29,18,15,2,10,24,4
2246,2023-02-11,36,28,32,14,5,34,8
2247,2023-02-15,24,7,28,39,27,26,9
2248,2023-02-18,20,22,5,16,33,4,7
2249,2023-02-22,31,25,23,30,2,1,1
2250,2023-02-25,28,18,22,32,30,14,5
2251,2023-03-01,15,34,26,35,17,14,1
2252,2023-03-04,11,19,21,25,35,34,1
2253,2023-03-08,1,17,2,39,23,9,5
2254,2023-03-11,37,19,6,39,26,28,5
2255,2023-03-15,33,4,5,3,39,24,8
2256,2023-03-18,37,17,4,27,38,11,3
2257,2023-03-22,33,29,38,7,16,32,1
2258,2023-03-25,19,5,28,8,4,31,7
2259,2023-03-29,35,23,24,14,37,36,9
2260,2023-04-01,20,33,18,10,7,40,10
2261,2023-04-05,17,28,14,25,5,38,7
2262,2023-04-08,31,24,12,36,34,37,4
2263,2023-04-12,12,10,28,19,1,35,5
2264,2023-04-15,19,35,2,23,1,29,4
2265,2023-04-19,25,27,13,2,33,3,3
2266,2023-04-22,34,12,21,13,1,18,9
2267,2023-04-26,23,15,40,36,29,3,7
2268,2023-04-29,25,40,36,27,4,8,3
2269,2023-05-03,11,33,39,20,8,30,10
2270,2023-05-06,25,15,10,18,8,27,1
2271,2023-05-10,20,31,4,38,22,35,6
2272,2023-05-13,18,19,34,16,7,17,3
2273,2023-05-17,12,13,20,23,2,38,6
2274,2023-05-20,37,32,40,31,14,38,1
2275,2023-05-24,5,33,28,30,38,17,8
2276,2023-05-27,17,15,21,4,29,22,3
2277,2023-05-31,3,11,25,21,14,18,8
2278,2023-06-03,3,6,19,29,25,4,7
2279,2023-06-07,24,37,15,34,6,30,7
2280,2023-06-10,2,23,10,15,24,40,1
2281,2023-06-14,9,3,22,37,2,18,8
2282,2023-06-17,2,13,10,17,19,21,1
2283,2023-06-21,28,16,8,10,32,4,10
2284,2023-06-24,23,21,6,22,7,40,10
2285,2023-06-28,33,31,15,5,4,8,10
2286,2023-07-01,30,24,34,25,23,9,5
2287,2023-07-05,36,26,7,38,29,4,5
2288,2023-07-08,8,25,32,10,18,6,4
2289,2023-07-12,34,29,37,22,8,36,6
2290,2023-07-15,7,34,24,15,21,11,1
2291,2023-07-19,38,6,28,23,20,35,2
2292,2023-07-22,22,3,25,24,4,12,9
2293,2023-07-26,25,23,17,19,27,37,8
2294,2023-07-29,13,34,4,18,21,10,3
2295,2023-08-02,27,23,28,32,6,25,9
2296,2023-08-05,24,18,28,32,26,23,1
2297,2023-08-09,13,40,35,14,4,34,7
2298,2023-08-12,23,15,31,19,20,33,1
2299,2023-08-16,17,29,7,19,38,36,5
2300,2023-08-19,26,28,5,18,39,31,9
2301,2023-08-23,1,14,17,24,15,18,6
2302,2023-08-26,23,36,22,26,30,39,2
2303,2023-08-30,17,30,40,9,22,36,5
2304,2023-09-02,39,6,36,5,1,20,8
2305,2023-09-06,25,22,32,26,36,13,4
2306,2023-09-09,37,8,4,24,17,32,1
2307,2023-09-13,40,21,33,16,1,2,9
2308,2023-09-16,34,13,35,32,5,20,6
2309,2023-09-20,12,37,27,29,38,4,10
2310,2023-09-23,15,37,28,25,27,40,5
2311,2023-09-27,27,3,9,19,6,11,6
2312,2023-09-30,1,27,31,22,29,21,3
2313,2023-10-04,26,8,14,19,23,13,3
2314,2023-10-07,28,34,25,38,36,5,1
2315,2023-10-11,1,14,7,12,19,31,10
2316,2023-10-14,9,36,20,6,12,4,1
2317,2023-10-18,36,11,40,13,6,28,1
2318,2023-10-21,40,29,13,26,33,8,4
2319,2023-10-25,10,21,9,26,35,20,2
2320,2023-10-28,35,14,2,36,24,22,6
2321,2023-11-01,6,28,13,2,32,26,8
2322,2023-11-04,12,10,23,25,24,11,10
2323,2023-11-08,2,25,20,11,39,3,10
2324,2023-11-11,19,23,5,40,39,31,1
2325,2023-11-15,36,17,7,12,19,34,10
2326,2023-11-18,12,33,11,27,7,39,5
2327,2023-11-22,16,19,3,34,25,9,5
2328,2023-11-25,13,35,37,31,16,33,9
2329,2023-11-29,14,36,5,2,3,9,9
2330,2023-12-02,18,34,1,33,36,16,8
2331,2023-12-06,40,27,34,36,23,17,1
2332,2023-12-09,16,4,30,27,22,24,3
2333,2023-12-13,34,40,24,10,21,4,4
2334,2023-12-16,7,37,1,31,35,23,7
2335,2023-12-20,15,38,40,2,37,26,7
2336,2023-12-23,38,30,14,12,35,40,2
2337,2023-12-27,13,4,21,7,16,9,6
2338,2023-12-30,17,10,25,38,15,33,7
2339,2024-01-03,35,13,15,23,22,10,9
2340,2024-01-06,29,25,16,31,8,37,9
2341,2024-01-10,4,13,34,28,12,5,4
2342,2024-01-13,5,15,27,9,12,7,2
2343,2024-01-17,25,1,12,18,40,3,10
2344,2024-01-20,23,33,18,21,17,3,7
2345,2024-01-24,40,12,26,13,3,5,8
2346,2024-01-27,8,20,25,32,11,13,1
2347,2024-01-31,40,10,6,36,2,25,10
2348,2024-02-03,17,35,11,16,1,20,1
2349,2024-02-07,3,38,24,2,37,27,9
2350,2024-02-10,10,33,40,5,28,17,3
2351,2024-02-14,40,32,27,22,26,25,1
2352,2024-02-17,22,6,10,34,5,24,7
2353,2024-02-21,28,1,20,22,34,24,2
2354,2024-02-24,16,35,6,36,13,38,3
2355,2024-02-28,5,30,26,28,13,34,2
2356,2024-03-02,28,40,5,29,1,6,1
2357,2024-03-06,17,27,38,35,33,13,8
2358,2024-03-09,15,34,22,24,36,12,5
2359,2024-03-13,15,5,24,36,30,23,8
2360,2024-03-16,17,33,20,7,38,5,10
2361,2024-03-20,1,21,18,32,23,37,8
2362,2024-03-23,37,11,7,28,16,9,4
2363,2024-03-27,38,8,6,25,15,12,8
2364,2024-03-30,30,3,40,29,32,20,5
2365,2024-04-03,17,16,29,9,30,11,2
2366,2024-04-06,2,21,30,10,5,6,3
2367,2024-04-10,8,21,24,12,17,11,10
2368,2024-04-13,14,20,33,31,11,36,2
2369,2024-04-17,1,2,14,17,15,19,9
2370,2024-04-20,5,30,26,23,33,32,10
2371,2024-04-24,37,27,21,34,19,30,5
2372,2024-04-27,16,21,6,5,4,12,10
2373,2024-05-01,14,17,34,12,25,20,10
2374,2024-05-04,11,13,20,15,38,30,8
2375,2024-05-08,12,28,17,13,6,29,1
2376,2024-05-11,11,19,32,38,35,31,9
2377,2024-05-15,13,28,6,37,21,11,3
2378,2024-05-18,20,40,13,31,21,22,7
2379,2024-05-22,21,10,19,36,39,29,10
2380,2024-05-25,10,28,7,37,33,39,4
2381,2024-05-29,10,27,8,16,35,29,3
2382,2024-06-01,34,39,15,20,33,38,7
2383,2024-06-05,13,15,23,22,33,2,3
2384,2024-06-08,22,35,10,30,21,37,2
2385,2024-06-12,16,19,7,30,9,35,4
2386,2024-06-15,3,38,40,8,20,13,2
2387,2024-06-19,2,16,26,18,8,23,7
2388,2024-06-22,30,1,10,31,17,3,4
2389,2024-06-26,36,34,12,32,39,16,1
2390,2024-06-29,32,7,34,8,1,35,9
2391,2024-07-03,28,34,35,37,27,12,2
2392,2024-07-06,16,9,12,17,24,28,3
2393,2024-07-10,2,7,40,23,30,16,10
2394,2024-07-13,11,19,15,31,13,38,8
2395,2024-07-17,13,6,34,7,33,31,5
2396,2024-07-20,25,30,10,4,40,2,9
2397,2024-07-24,38,29,1,18,31,11,10
2398,2024-07-27,14,38,34,1,10,12,8
2399,2024-07-31,8,17,25,36,33,31,4
2400,2024-08-03,17,28,29,27,19,1,1
2401,2024-08-07,40,30,29,15,31,13,3
2402,2024-08-10,24,17,25,30,6,3,1
2403,2024-08-14,12,29,32,25,5,24,10
2404,2024-08-17,36,7,37,33,34,22,8
2405,2024-08-21,7,38,30,17,12,16,6
2406,2024-08-24,5,10,25,38,14,19,3
2407,2024-08-28,37,31,1,4,35,20,9
2408,2024-08-31,16,39,14,8,34,24,2
2409,2024-09-04,9,36,16,35,31,28,2
2410,2024-09-07,40,4,9,33,2,8,8
2411,2024-09-11,22,15,10,3,26,19,8
2412,2024-09-14,22,18,15,31,3,32,10
2413,2024-09-18,1,8,34,5,37,19,3
2414,2024-09-21,25,19,12,21,36,10,6
2415,2024-09-25,5,30,2,17,27,3,10
2416,2024-09-28,12,16,28,34,24,35,8
2417,2024-10-02,12,10,39,22,28,31,8
2418,2024-10-05,3,36,11,12,30,2,6
2419,2024-10-09,10,1,3,38,32,24,3
2420,2024-10-12,28,20,24,10,11,33,1
2421,2024-10-16,18,40,17,5,11,6,4
2422,2024-10-19,2,15,20,21,26,30,1
2423,2024-10-23,12,17,21,28,30,32,10
2424,2024-10-26,1,10,17,25,26,28,5
2425,2024-10-30,10,22,24,25,31,36,1
2426,2024-11-02,5,13,21,29,33,39,10
2427,2024-11-06,7,17,30,31,38,40,2
2428,2024-11-09,2,12,13,16,18,28,7
2429,2024-11-13,3,11,29,30,32,38,2
2430,2024-11-16,3,5,12,19,28,39,7
2431,2024-11-20,7,15,20,30,38,40,5
2432,2024-11-23,3,17,22,27,29,40,8
2433,2024-11-27,12,17,25,27,28,39,10
2434,2024-11-30,3,10,17,25,27,28,1
2435,2024-12-04,6,7,17,20,23,35,6
2436,2024-12-07,3,7,16,24,27,29,9
2437,2024-12-11,18,19,25,32,35,39,10
2438,2024-12-14,10,14,17,21,24,32,10
2439,2024-12-18,3,13,14,23,31,35,1
2440,2024-12-21,2,3,9,21,24,33,8
2441,2024-12-25,6,13,15,18,29,31,2
2442,2024-12-28,2,9,19,26,30,36,4
2470,2025-04-05,3,21,27,37,38,39,5
2471,2025-04-09,8,14,15,21,24,33,1
2472,2025-04-12,10,13,15,22,23,32,2
2473,2025-04-16,4,9,10,25,32,39,6
2474,2025-04-19,1,4,9,11,23,29,3
2475,2025-04-23,10,19,22,24,31,40,1
2476,2025-04-26,2,5,11,13,23,40,9
2477,2025-04-30,1,12,14,20,24,38,4
2478,2025-05-03,1,11,13,21,22,23,10
2479,2025-05-07,9,11,13,18,26,36,7
2480,2025-05-10,4,14,17,22,27,35,6
2481,2025-05-14,1,6,8,21,27,28,9
2482,2025-05-17,2,6,15,19,22,25,7
2483,2025-05-21,3,5,6,24,27,37,10
2484,2025-05-24,1,7,27,29,36,38,2
2485,2025-05-28,1,10,15,18,25,40,7
2486,2025-05-31,1,2,29,32,34,35,5
2487,2025-06-04,6,9,10,11,14,35,10
2488,2025-06-07,2,6,11,16,22,34,4
2489,2025-06-11,5,9,11,16,18,32,1
2490,2025-06-14,1,2,7,13,23,34,6
2491,2025-06-18,6,11,23,28,32,33,6
2492,2025-06-21,3,11,19,20,27,35,7
2493,2025-06-25,6,11,16,20,35,40,10
2494,2025-06-28,2,10,21,22,31,34,10
2495,2025-07-02,3,4,6,26,27,40,9
2496,2025-07-05,6,9,14,20,25,32,4
2497,2025-07-09,20,28,32,36,38,39,7
2498,2025-07-12,8,13,17,18,20,29,1
2499,2025-07-16,8,19,26,28,31,33,5
2501,2025-07-23,4,9,14,20,24,26,7
2502,2025-07-26,9,18,29,30,34,37,6
2503,2025-07-30,5,10,27,28,33,38,6
2504,2025-08-02,3,19,28,29,31,40,9
2505,2025-08-06,1,10,11,12,14,20,10
2506,2025-08-09,6,11,19,21,33,35,3
2507,2025-08-13,9,10,15,22,27,35,10
2508,2025-08-16,6,28,33,34,38,39,10
2509,2025-08-20,7,11,12,16,27,37,9
2510,2025-08-23,13,16,17,24,25,31,8
2511,2025-08-27,9,12,23,24,21,32,2
2512,2025-08-30,4,9,13,15,33,40,4
2513,2025-09-03,1,2,4,10,28,38,2
2514,2025-09-06,6,17,18,27,32,40,9
2515,2025-09-10,13,14,18,26,27,35,8
2516,2025-09-13,8,14,21,32,34,40,1
2517,2025-09-17,6,12,14,20,33,37,2
2518,2025-09-20,9,13,21,22,23,32,1
2519,2025-09-24,10,20,24,26,31,36,5
2520,2025-09-27,6,10,15,17,19,35,5
2443,2025-1-1,8,16,17,21,23,27,5
2446,2025-1-11,7,10,13,22,37,40,6
2447,2025-1-15,3,9,20,34,37,40,8
2448,2025-1-18,12,13,21,26,34,38,3
2449,2025-1-22,1,5,10,16,20,25,6
2450,2025-1-25,1,9,17,23,34,38,6
2451,2025-1-29,1,3,15,16,27,40,5
2444,2025-1-4,2,16,20,28,31,36,6
2445,2025-1-8,14,15,20,32,33,34,9
2521,2025-10-01,2,10,22,27,32,38,10
2522,2025-10-05,14,17,24,25,27,32,7
2523,2025-10-08,5,11,17,32,30,34,3
2524,2025-10-11,7,11,24,37,39,40,7
2525,2025-10-15,12,14,15,17,38,40,5
2526,2025-10-18,10,20,26,32,33,37,2
2527,2025-10-22,3,9,12,15,31,37,6
2528,2025-10-25,3,20,22,24,36,37,5
2529,2025-10-29,4,13,14,24,30,33,2
2530,2025-11-01,4,5,7,9,26,35,10
2531,2025-11-05,3,4,9,25,29,40,3
2532,2025-11-08,2,4,13,22,24,28,8
2533,2025-11-12,4,10,18,19,27,30,8
2534,2025-11-15,2,5,14,19,28,38,6
2535,2025-11-19,2,10,18,25,29,31,3
2536,2025-11-22,2,6,10,12,28,30,8
2537,2025-11-26,4,5,9,21,32,34,1
2538,2025-11-29,8,11,19,29,33,37,3
2539,2025-12-03,3,9,24,30,38,40,2
2540,2025-12-06,4,17,29,31,35,37,7
2541,2025-12-10,5,6,13,27,31,32,4
2542,2025-12-13,7,10,18,21,24,39,4
2543,2025-12-17,4,8,15,18,22,27,6
2544,2025-12-20,2,14,17,19,31,33,1
2545,2025-12-24,2,17,18,23,28,33,7
2546,2025-12-27,2,14,19,23,26,27,3
2547,2025-12-31,1,3,11,23,26,33,10
2452,2025-2-1,1,4,24,30,34,39,8
2455,2025-2-12,2,10,28,31,33,34,8
2456,2025-2-15,5,13,14,16,21,37,3
2457,2025-2-19,11,13,18,21,24,38,5
2458,2025-2-22,4,8,10,16,23,33,10
2459,2025-2-26,11,21,22,23,29,38,4
2453,2025-2-5,1,5,11,18,21,37,5
2454,2025-2-8,1,7,9,12,15,33,3
2460,2025-3-1,2,17,20,22,27,30,8
2463,2025-3-12,1,9,25,29,31,33,7
2464,2025-3-15,4,10,12,27,29,36,6
2465,2025-3-19,1,4,13,25,26,27,6
2466,2025-3-22,5,6,12,19,24,26,9
2467,2025-3-26,8,12,18,22,29,31,10
2468,2025-3-29,4,11,14,15,21,36,6
2461,2025-3-5,6,9,11,14,17,33,6
2462,2025-3-8,5,11,12,23,38,39,6
2469,2025-4-02,14,25,26,29,33,40,7
2500,2025-7-19,4,6,12,16,33,37,3
2548,2026-01-03,1,5,7,8,10,26,4
2549,2026-01-07,6,8,13,16,22,24,3
2550,2026-01-10,5,9,15,21,31,40,8
2551,2026-01-14,11,24,25,28,35,40,10
2552,2026-01-17,11,22,23,31,33,36,9
2553,2026-01-21,3,9,10,13,14,40,6
2554,2026-01-24,1,3,13,16,21,40,3
2555,2026-01-28,6,9,10,15,22,25,5
2556,2026-01-31,2,14,16,23,34,35,3
2557,2026-02-04,13,18,19,20,36,37,6
2558,2026-02-07,11,21,24,26,35,36,8
2559,2026-02-11,6,15,18,23,26,29,9
2560,2026-02-14,2,7,11,19,28,31,1
2561,2026-02-18,2,4,8,17,24,34,1
2562,2026-02-21,4,10,14,21,37,38,3
2563,2026-02-25,8,13,20,24,33,35,7
2564,2026-02-28,2,17,20,23,26,39,1
2565,2026-03-04,2,17,20,23,26,39,1
2566,2026-03-07,5,27,30,31,32,33,4
2567,2026-03-11,7,12,22,32,35,38,4
2568,2026-03-14,4,9,10,12,15,21,10
2569,2026-03-18,3,18,28,30,33,36,6
2570,2026-03-21,11,12,17,22,28,32,3
2571,2026-03-25,13,22,27,31,34,37,10
2572,2026-03-28,5,12,19,27,30,38,3
2573,2026-04-01,1,2,24,25,30,38,1
2574,2026-04-04,1,9,25,30,38,40,4
2575,2026-04-08,7,14,16,29,32,35,1
2576,2026-04-11,8,22,24,25,29,38,4
2577,2026-04-15,5,12,29,32,33,40,5
2578,2026-04-18,1,2,9,19,21,34,6
2579,2026-04-22,1,6,11,19,28,34,5
2580,2026-04-25,1,9,14,24,26,32,2
2581,2026-04-29,7,9,12,21,31,33,1
2582,2026-05-02,14,15,17,25,29,30,3
2583,2026-05-06,3,4,16,22,24,34,10
